{"train_loss": [0.988814640278725, 0.9135921795158368, 0.891463953749153, 0.8729271800489029, 0.8624207616266735, 0.856074126170962, 0.851161304620567, 0.8474642931237796, 0.8338171986441869, 0.8281221597430868, 0.8141219383695714, 0.8004620500811847, 0.7962423304393405, 0.7917081406753499, 0.7799550896384815, 0.7756241430394701, 0.7715169804547142, 0.7631900772548886, 0.7591467271824549, 0.7581942651316649, 0.7525989281131035, 0.7510493648506149, 0.7496698777489912, 0.7493414705088587, 0.7457134722062321, 0.7402638203537583, 0.7331295698471479, 0.7331732577350133, 0.7324953329075304, 0.7258511439170633, 0.7211929787239355, 0.7162428235985088, 0.7157416742340349, 0.7180841940050913, 0.7095211404235202, 0.7082178723587962, 0.7123482465687513, 0.7051330339778635, 0.71001296742943, 0.708611720356826, 0.7069489810021874, 0.7046613590395984, 0.7042448396535069, 0.7024564014111749, 0.7027285292374992, 0.7046829939434777, 0.7046980489711095, 0.7010710904865323, 0.7057087264989182, 0.7039311708366538], "train_acc": [0.7544635803444462, 0.7522515405277295, 0.7629957339232106, 0.7832200979617633, 0.7947543055775004, 0.7957023226418075, 0.7961763311739611, 0.8051824932848791, 0.8159266866803603, 0.8195607520935377, 0.821456786222152, 0.8227208089745616, 0.8228788118186128, 0.824774845947227, 0.8243008374150734, 0.826354874387739, 0.8276188971401485, 0.8276188971401485, 0.8282509085163533, 0.8250908516353295, 0.8261968715436878, 0.8285669142044557, 0.8274608942960974, 0.8285669142044557, 0.828882919892558, 0.8274608942960974, 0.8295149312687629, 0.8284089113604045, 0.827144888607995, 0.826354874387739, 0.8269868857639437, 0.828882919892558, 0.828882919892558, 0.8295149312687629, 0.8299889398009164, 0.83046294833307, 0.8279349028282509, 0.8280929056723021, 0.8291989255806604, 0.8299889398009164, 0.8290409227366092, 0.83046294833307, 0.8279349028282509, 0.8291989255806604, 0.8307789540211724, 0.828882919892558, 0.8295149312687629, 0.8295149312687629, 0.8298309369568653, 0.8303049454890188], "train_micro_f1": [0.7544922232627869, 0.7522828578948975, 0.7631495594978333, 0.7832708358764648, 0.7946038842201233, 0.7955777645111084, 0.7959972023963928, 0.8050742745399475, 0.8156719207763672, 0.8195714950561523, 0.8214386701583862, 0.8227008581161499, 0.8229666948318481, 0.8247259259223938, 0.8243063688278198, 0.8263039588928223, 0.8276478052139282, 0.8275937438011169, 0.82817143201828, 0.8251223564147949, 0.8262541890144348, 0.8285136818885803, 0.8274898529052734, 0.8286486268043518, 0.8288832902908325, 0.8275167346000671, 0.8295953273773193, 0.8283557891845703, 0.8271473050117493, 0.8264120817184448, 0.8269086480140686, 0.8288562893867493, 0.8288024663925171, 0.8294340968132019, 0.8300686478614807, 0.8305423855781555, 0.8278558254241943, 0.8281212449073792, 0.8291722536087036, 0.8300150632858276, 0.8290143013000488, 0.8304885625839233, 0.8278824687004089, 0.8293337821960449, 0.8306694030761719, 0.8288832306861877, 0.8295686841011047, 0.829622209072113, 0.8298574686050415, 0.8303307890892029], "train_macro_f1": [0.2884511947631836, 0.2951391935348511, 0.2969704568386078, 0.29682332277297974, 0.2989899218082428, 0.29505041241645813, 0.29501914978027344, 0.38261285424232483, 0.46575304865837097, 0.48126471042633057, 0.5001439452171326, 0.5129603743553162, 0.5027755498886108, 0.49742352962493896, 0.5153456330299377, 0.5124636292457581, 0.5227533578872681, 0.5271744132041931, 0.5323611497879028, 0.5180388689041138, 0.5027247071266174, 0.5419653058052063, 0.5308609008789062, 0.5264473557472229, 0.5477634072303772, 0.5243664979934692, 0.5343166589736938, 0.5407729744911194, 0.5222642421722412, 0.5284860134124756, 0.5145728588104248, 0.5435810685157776, 0.5447725057601929, 0.5450809001922607, 0.528498649597168, 0.5428882837295532, 0.5281957387924194, 0.5491757392883301, 0.5386143326759338, 0.5445001125335693, 0.5315394997596741, 0.54107666015625, 0.5345457792282104, 0.5334810614585876, 0.5382589101791382, 0.533769965171814, 0.5309402346611023, 0.546367347240448, 0.5310736298561096, 0.5429443120956421], "test_loss": [0.8900690323856159, 0.8364476485487334, 0.8030874951685522, 0.789900196140805, 0.7707658738029658, 0.7597075580646927, 0.7499472087723352, 0.7376957294011673, 0.7349908779635884, 0.7240193807016952, 0.7210417888018427, 0.7157664946642242, 0.7234538752898639, 0.706367866569731, 0.6965731807095449, 0.6932264550230733, 0.69147285817171, 0.6899924460123101, 0.6932270515213567, 0.6941472682031137, 0.6856141076837998, 0.6853156483632736, 0.6854838156956174, 0.692995211932001, 0.684386743222018, 0.6821230581419723, 0.6850809161977834, 0.6832193393384965, 0.7272603410900355, 0.6780648687107234, 0.6805441666086188, 0.6777770330991763, 0.6816734391831177, 0.6839085906951095, 0.6789908255118022, 0.6811836750840207, 0.6758547413974191, 0.6753009130739367, 0.67358812947704, 0.6768548333110195, 0.6781007447953625, 0.689722672980267, 0.6856666200912533, 0.6815328590491868, 0.6778454079480392, 0.6774243181894944, 0.683018449244436, 0.6939562839265873, 0.6779243290160776, 0.679540348745793], "test_acc": [0.8123815540113708, 0.8123815540113708, 0.8123815540113708, 0.8123815540113708, 0.8123815540113708, 0.8123815540113708, 0.8123815540113708, 0.8199620972836387, 0.8186986734049273, 0.8199620972836387, 0.8205938092229943, 0.8205938092229943, 0.8168035375868604, 0.8256475047378395, 0.8275426405559065, 0.8256475047378395, 0.8288060644346178, 0.8307012002526848, 0.8237523689197725, 0.8243840808591283, 0.8256475047378395, 0.8256475047378395, 0.8269109286165508, 0.8256475047378395, 0.8262792166771952, 0.8281743524952622, 0.8269109286165508, 0.8269109286165508, 0.8079595704358813, 0.8294377763739734, 0.8281743524952622, 0.8307012002526848, 0.8300694883133292, 0.8269109286165508, 0.8307012002526848, 0.8275426405559065, 0.831964624131396, 0.8307012002526848, 0.8300694883133292, 0.8294377763739734, 0.8281743524952622, 0.8212255211623499, 0.8237523689197725, 0.8275426405559065, 0.8288060644346178, 0.8275426405559065, 0.8275426405559065, 0.8262792166771952, 0.8300694883133292, 0.8294377763739734], "test_micro_f1": [0.811436116695404, 0.813470721244812, 0.8127925395965576, 0.8132447004318237, 0.8125665187835693, 0.8125665187835693, 0.8125665187835693, 0.820066511631012, 0.8192686438560486, 0.820292592048645, 0.8204653859138489, 0.8202393054962158, 0.8162632584571838, 0.8259175419807434, 0.8266621828079224, 0.8256915211677551, 0.8288165330886841, 0.8311436176300049, 0.8238165378570557, 0.8242153525352478, 0.8241090178489685, 0.8256915211677551, 0.8271675705909729, 0.8252393007278442, 0.826090395450592, 0.829095721244812, 0.8269414901733398, 0.8276196718215942, 0.8081915378570557, 0.8305718302726746, 0.8286436200141907, 0.8309175968170166, 0.829840362071991, 0.8260371685028076, 0.82933509349823, 0.8268882632255554, 0.8321675658226013, 0.8311436176300049, 0.829840362071991, 0.829441487789154, 0.8261569142341614, 0.8215425610542297, 0.8229122161865234, 0.8264361619949341, 0.8297207355499268, 0.8275665044784546, 0.8277925848960876, 0.8263165354728699, 0.8302925825119019, 0.8287632465362549],