{"train_loss": [0.8484543589340942, 0.7189470456474896, 0.661766194867794, 0.6474699458252444, 0.6407552289066203, 0.6341211531357773, 0.6300897559088956, 0.6284263306064126, 0.6236103768031506, 0.6257127835713285, 0.6192083174648547, 0.6189882946835628, 0.6125645477034541, 0.6035247744872005, 0.593400282842097, 0.5894591223950596, 0.5844539366150414, 0.5839587657405294, 0.580385192882621, 0.5812360794552884, 0.5859729173455047, 0.5790229172649345, 0.5755535942021281, 0.5729367907982638, 0.5725696885787324, 0.57247300942111, 0.5714269128526099, 0.5721889863949964, 0.5691600812425129, 0.5697949960024968, 0.5696241432201393, 0.5681106183630235, 0.5697341996980403, 0.5705801961282208, 0.5687771140163517, 0.5697019438661469, 0.5681973786824197, 0.5670975722828113, 0.5680034223335918, 0.5692363406248541, 0.5697095062725539, 0.5676164774368077, 0.5709800253379287, 0.5743955705361374, 0.572713057536012, 0.5710062400238796, 0.5729109281554835, 0.568604821022285, 0.5685292842320723, 0.5684818486256478], "train_acc": [0.7562016116290093, 0.8511613209037763, 0.9003002054036973, 0.9100963817348712, 0.9137304471480486, 0.9200505609100964, 0.9235266234792227, 0.9243166376994786, 0.9292147258650656, 0.9266866803602465, 0.9323747827460894, 0.9322167799020382, 0.9382208879759836, 0.9480170643071575, 0.9592352662347923, 0.9623953231158161, 0.9674514141254542, 0.9683994311897615, 0.9715594880707853, 0.9702954653183757, 0.9649233686206352, 0.9725075051350924, 0.9756675620161163, 0.9789856217411913, 0.9788276188971401, 0.9788276188971401, 0.9799336388054986, 0.9794596302733449, 0.9824616843103176, 0.9816716700900616, 0.981987675778164, 0.9834097013746247, 0.9816716700900616, 0.9808816558698057, 0.9829356928424712, 0.9818296729341128, 0.9835677042186759, 0.9843577184389319, 0.9835677042186759, 0.9821456786222152, 0.9818296729341128, 0.9838837099067783, 0.9802496444936009, 0.9767735819244746, 0.9789856217411913, 0.9805656501817033, 0.9783536103649866, 0.9830936956865224, 0.9829356928424712, 0.9829356928424712], "train_micro_f1": [0.7562016248703003, 0.851190984249115, 0.9003293514251709, 0.9100879430770874, 0.9136640429496765, 0.9200311303138733, 0.9235031604766846, 0.9242925643920898, 0.9292120933532715, 0.9267139434814453, 0.9323415756225586, 0.9322915077209473, 0.9382352828979492, 0.9480476379394531, 0.9591994881629944, 0.9624369144439697, 0.9674333930015564, 0.968353271484375, 0.9715638756752014, 0.9703013300895691, 0.9648542404174805, 0.9725109934806824, 0.9756941795349121, 0.9789814949035645, 0.9788241982460022, 0.978823721408844, 0.9799286127090454, 0.9794552326202393, 0.9824808835983276, 0.9816916584968567, 0.981980562210083, 0.9833739399909973, 0.9816647171974182, 0.9808756709098816, 0.9829001426696777, 0.9818496108055115, 0.9835858345031738, 0.9843212962150574, 0.9835586547851562, 0.9821652770042419, 0.9818494915962219, 0.9838473200798035, 0.9802714586257935, 0.9767992496490479, 0.9790089130401611, 0.9805869460105896, 0.9783234000205994, 0.9831120371818542, 0.9829273819923401, 0.982954204082489], "train_macro_f1": [0.29101672768592834, 0.4699976146221161, 0.5684999823570251, 0.5824435353279114, 0.5885745286941528, 0.5945131778717041, 0.5991430282592773, 0.6002293229103088, 0.6066570281982422, 0.6026493310928345, 0.6101251244544983, 0.6112468838691711, 0.6399067044258118, 0.7512291073799133, 0.8216660022735596, 0.8318748474121094, 0.8494263887405396, 0.868109941482544, 0.866267204284668, 0.8686146140098572, 0.8800662159919739, 0.8909705877304077, 0.8860201835632324, 0.9220412969589233, 0.8905560970306396, 0.9138759970664978, 0.9053168296813965, 0.9161975383758545, 0.9188975691795349, 0.9097424745559692, 0.9141339659690857, 0.9168956875801086, 0.9138122200965881, 0.9048669934272766, 0.9175813794136047, 0.9085163474082947, 0.9128389954566956, 0.9251769781112671, 0.9269800186157227, 0.9093925356864929, 0.900937557220459, 0.9115012288093567, 0.9148513674736023, 0.8974050879478455, 0.9104892611503601, 0.9191577434539795, 0.9149054884910583, 0.9311202764511108, 0.9374475479125977, 0.9200105667114258], "test_loss": [0.7558063144030183, 0.6763547996290861, 0.6554892986768119, 0.6564772672767664, 0.6419942310092875, 0.6537408715776454, 0.6418878816760045, 0.6385695079196803, 0.6379017132938624, 0.6450450141371162, 0.6527819480989375, 0.6400449858838368, 0.6493244431701101, 0.633414573369716, 0.6311045464502432, 0.6241039044105472, 0.6299525693633176, 0.6273482994271168, 0.6294250431801801, 0.6265404977078537, 0.6546606425612468, 0.6329840352771708, 0.629276923792918, 0.6261106887649902, 0.6469852184842677, 0.619174107109077, 0.6369672196994307, 0.6373852840421776, 0.6266967384256446, 0.6336455900158524, 0.6272127011947367, 0.6244978455524239, 0.6631400219940793, 0.6265039931952162, 0.6261913057979118, 0.6276802838940599, 0.6285781494364735, 0.629869078881968, 0.626924916866529, 0.6318778820001695, 0.6273873624587767, 0.6298553966602343, 0.6357885449277549, 0.641381335348851, 0.6328622840735555, 0.6369970585451952, 0.6410183730715826, 0.6291533745095764, 0.630153853194441, 0.6324120298715159], "test_acc": [0.8123815540113708, 0.8837650031585597, 0.9027163613392293, 0.8970309538850284, 0.9115603284902085, 0.8982943777637398, 0.9102969046114971, 0.9134554643082754, 0.9134554643082754, 0.9052432090966519, 0.8982943777637398, 0.9096651926721415, 0.9001895135818067, 0.915982312065698, 0.9191408717624763, 0.9273531269740998, 0.919772583701832, 0.9241945672773215, 0.9210360075805433, 0.9235628553379659, 0.8926089703095389, 0.9166140240050537, 0.9210360075805433, 0.9222994314592545, 0.9027163613392293, 0.9292482627921668, 0.9121920404295641, 0.9128237523689198, 0.9241945672773215, 0.9185091598231206, 0.9229311433986103, 0.9254579911560329, 0.886923562855338, 0.9235628553379659, 0.9241945672773215, 0.9235628553379659, 0.9222994314592545, 0.9204042956411876, 0.9241945672773215, 0.9191408717624763, 0.9229311433986103, 0.919772583701832, 0.915982312065698, 0.9096651926721415, 0.9185091598231206, 0.914087176247631, 0.9102969046114971, 0.9216677195198989, 0.9204042956411876, 0.917877447883765], "test_micro_f1": [0.8130186200141907, 0.8831915259361267, 0.9030718207359314, 0.8969947099685669, 0.9109175801277161, 0.8975664973258972, 0.9094415307044983, 0.913696825504303, 0.9134707450866699, 0.9053457379341125, 0.898922860622406, 0.9094946980476379, 0.9003457427024841, 0.9150664806365967, 0.91886967420578, 0.9276728630065918, 0.9197207689285278, 0.9240957498550415, 0.9209707379341125, 0.9241489171981812, 0.8932978510856628, 0.9170478582382202, 0.9209707379341125, 0.921994686126709, 0.9028457403182983, 0.9300000071525574, 0.9126728773117065, 0.9130718111991882, 0.9247739315032959, 0.9189228415489197, 0.922845721244812, 0.9251196980476379, 0.8872207403182983, 0.9234707355499268, 0.9243218302726746, 0.9232446551322937, 0.9224467873573303, 0.9205718040466309, 0.9240957498550415, 0.9193217754364014, 0.9226197004318237, 0.9199467897415161, 0.9155186414718628, 0.9101728796958923, 0.9193750023841858, 0.9131914973258972, 0.9107978343963623, 0.9220478534698486, 0.9203457236289978, 0.9178457260131836],