{"train_loss": [0.823532484223406, 0.7268289662797524, 0.7035280662156297, 0.6672654373515065, 0.6482409301348858, 0.6346975186553343, 0.6329293060611635, 0.6263355181518183, 0.6287314176258082, 0.62433121156911, 0.6193343902542083, 0.6188815600745089, 0.6145582472210078, 0.6153696904835646, 0.6148957175597476, 0.6075566464793458, 0.5968337470009573, 0.5892435170723036, 0.5841234986637794, 0.5810690438093817, 0.578070965314631, 0.5787728224382297, 0.5773147655938508, 0.5761794777612661, 0.5745131033708896, 0.5728959253019283, 0.5709752849463434, 0.5742894341490208, 0.5689888519403739, 0.5685181369486155, 0.5684145919556, 0.5678289008754598, 0.5682503627947221, 0.5682484906306292, 0.5750884696438633, 0.574840416424571, 0.5686381957150124, 0.5672973485745644, 0.567216140226761, 0.5731166853481304, 0.5719573851877865, 0.5679040687083068, 0.5680401247153068, 0.566963161294316, 0.566749362569602, 0.5663650723256325, 0.5651968260063043, 0.5648722212769293, 0.56649712728727, 0.5666954509265277], "train_acc": [0.7688418391531048, 0.8291989255806604, 0.8497392953073155, 0.8846579238426292, 0.9031442565966188, 0.9168905040290726, 0.9178385210933797, 0.9251066519197345, 0.9224206035708643, 0.9268446832042977, 0.932058777057987, 0.9319007742139358, 0.9364828566914204, 0.9355348396271133, 0.9356928424711645, 0.9437509875177753, 0.9544951809132565, 0.9619213145836625, 0.9671354084373519, 0.9701374624743245, 0.9734555221993996, 0.9723495022910412, 0.9739295307315532, 0.9750355506399115, 0.9766155790804234, 0.9780376046768842, 0.9802496444936009, 0.9772475904566282, 0.9823036814662663, 0.98277768999842, 0.9830936956865224, 0.9837257070627271, 0.9830936956865224, 0.9832516985305736, 0.9759835677042187, 0.9766155790804234, 0.98277768999842, 0.9841997155948807, 0.9843577184389319, 0.9783536103649866, 0.9791436245852425, 0.9834097013746247, 0.9835677042186759, 0.9845157212829831, 0.9846737241270342, 0.9849897298151367, 0.9862537525675462, 0.9865697582556486, 0.9849897298151367, 0.9846737241270342], "train_micro_f1": [0.7688816785812378, 0.8293067216873169, 0.8498242497444153, 0.8846774697303772, 0.9031701683998108, 0.9169557094573975, 0.9177134037017822, 0.9251625537872314, 0.9224523901939392, 0.926871657371521, 0.9319990873336792, 0.9318414330482483, 0.9364992380142212, 0.9355250597000122, 0.935655951499939, 0.9437592029571533, 0.9545183777809143, 0.9619091153144836, 0.9671448469161987, 0.9701704978942871, 0.9733768105506897, 0.9723527431488037, 0.9739043712615967, 0.9749824404716492, 0.9765875935554504, 0.9780349731445312, 0.9802443981170654, 0.9772188663482666, 0.9822962284088135, 0.9827697277069092, 0.9831119179725647, 0.9837164878845215, 0.9831120371818542, 0.9832431077957153, 0.9759831428527832, 0.9766411185264587, 0.9827694892883301, 0.98421710729599, 0.9843745827674866, 0.9783774018287659, 0.9791397452354431, 0.9834275841712952, 0.9835855960845947, 0.9845325946807861, 0.9846906065940857, 0.9850062131881714, 0.9862416982650757, 0.9865036010742188, 0.9850062131881714, 0.9846904873847961], "train_macro_f1": [0.32629063725471497, 0.42956775426864624, 0.4814750850200653, 0.5443539023399353, 0.5733450055122375, 0.5934641361236572, 0.5909377336502075, 0.6035153865814209, 0.6025724411010742, 0.6045309901237488, 0.6132943630218506, 0.6127727031707764, 0.6160637140274048, 0.6156802177429199, 0.6176462769508362, 0.6622864603996277, 0.7604997158050537, 0.82532799243927, 0.8521527647972107, 0.856130063533783, 0.8811988234519958, 0.8819865584373474, 0.895306408405304, 0.8808054327964783, 0.9006809592247009, 0.8971073627471924, 0.9179278016090393, 0.8999990224838257, 0.9119078516960144, 0.9060105681419373, 0.922742486000061, 0.9194828867912292, 0.9090291261672974, 0.9213714003562927, 0.8969677090644836, 0.8918318152427673, 0.9151255488395691, 0.9028310775756836, 0.910636842250824, 0.9135522246360779, 0.908894419670105, 0.9117917418479919, 0.8997576832771301, 0.9285643696784973, 0.9062953591346741, 0.942288875579834, 0.9287629723548889, 0.9212471842765808, 0.934662401676178, 0.9160295128822327], "test_loss": [0.7217553396128584, 0.7061246910655491, 0.6688299930253815, 0.6528312403871075, 0.654886208338144, 0.6426316641285235, 0.6441654935714495, 0.6429405868317007, 0.6522782003284631, 0.6458841124367126, 0.6453014456314597, 0.6421529994836278, 0.6416705369723423, 0.6579784837540237, 0.6452124578547643, 0.6423980892269354, 0.6316371572145689, 0.6335468963212177, 0.6240158724167343, 0.6286746620454143, 0.628758090813553, 0.621608492737696, 0.622675447244096, 0.6244106913622014, 0.6186687477540157, 0.6246791239486641, 0.6380002284004804, 0.6220583119350224, 0.6174919993833733, 0.6182296659023191, 0.623598433828625, 0.622243720635687, 0.624453178742831, 0.6177148712035304, 0.6321039788344957, 0.6224946513329589, 0.6242292560284001, 0.6313298316372398, 0.6309901114061371, 0.6235233810756753, 0.624940476309101, 0.6268700841703674, 0.6218298671747112, 0.6267579987466297, 0.6242017781365468, 0.6181546779877765, 0.6227430938846013, 0.6228064479740526, 0.6252372160563345, 0.6265592263683215], "test_acc": [0.83575489576753, 0.848389134554643, 0.8787113076437144, 0.8989260897030954, 0.8945041061276058, 0.9077700568540745, 0.9058749210360075, 0.9077700568540745, 0.8989260897030954, 0.9058749210360075, 0.9046114971572963, 0.9084017687934302, 0.9071383449147189, 0.8919772583701832, 0.9039797852179406, 0.9071383449147189, 0.9185091598231206, 0.914087176247631, 0.9260897030953885, 0.9222994314592545, 0.9229311433986103, 0.9279848389134555, 0.9273531269740998, 0.9254579911560329, 0.9317751105495894, 0.9260897030953885, 0.9115603284902085, 0.9279848389134555, 0.9330385344283006, 0.932406822488945, 0.9267214150347441, 0.9286165508528111, 0.9248262792166771, 0.9330385344283006, 0.9185091598231206, 0.9273531269740998, 0.9273531269740998, 0.9191408717624763, 0.919772583701832, 0.9267214150347441, 0.9254579911560329, 0.9248262792166771, 0.9279848389134555, 0.9248262792166771, 0.9260897030953885, 0.9330385344283006, 0.9273531269740998, 0.9267214150347441, 0.9260897030953885, 0.9235628553379659], "test_micro_f1": [0.8354653716087341, 0.8490957617759705, 0.8788697123527527, 0.8988696932792664, 0.8940425515174866, 0.9076196551322937, 0.9064228534698486, 0.9071675539016724, 0.8995478749275208, 0.9059707522392273, 0.9049468040466309, 0.9084707498550415, 0.9076728820800781, 0.8917686343193054, 0.9040957689285278, 0.9074468016624451, 0.9184707403182983, 0.914321780204773, 0.9264228343963623, 0.9226728677749634, 0.9232978820800781, 0.9278457164764404, 0.9274467825889587, 0.9253457188606262, 0.9311436414718628, 0.9264228343963623, 0.9118217825889587, 0.9285238981246948, 0.9330717921257019, 0.9324467778205872, 0.927047848701477, 0.9286968111991882, 0.9249467849731445, 0.9330717921257019, 0.9193750023841858, 0.9276728630065918, 0.9274467825889587, 0.9186436533927917, 0.9197207689285278, 0.927047848701477, 0.9257978796958923, 0.9253989458084106, 0.9276196956634521, 0.9238165020942688, 0.925970733165741, 0.9319415092468262, 0.9272207617759705, 0.9263696670532227, 0.9257447123527527, 0.9236968159675598],