{"train_loss": [0.7597053672186589, 0.6837465845214414, 0.6454272545482107, 0.6309000915553563, 0.6252868939564868, 0.6234181370379556, 0.6191949759883553, 0.6166189700379193, 0.6143963127871565, 0.61424505221823, 0.6113343959661585, 0.6105666734969226, 0.6101580091535358, 0.6103498139903526, 0.6124423860203958, 0.6082008408038494, 0.5961095536182721, 0.5894025363125758, 0.5826502097201095, 0.5821100198689523, 0.5764500597186668, 0.5730012338258282, 0.5724008287425139, 0.5709968119610126, 0.5696617166169882, 0.5686680066828518, 0.5674154766835126, 0.5692444314115099, 0.5719551314936936, 0.5695800701011167, 0.5678622832247799, 0.5676666340155141, 0.5685234492773278, 0.5656207848318494, 0.5658799936692661, 0.5662211827482916, 0.5660839240346442, 0.5676039188634089, 0.5686146773740491, 0.5662495373907314, 0.5659071436461763, 0.5647353047555347, 0.5666194069082279, 0.5660651903202192, 0.5646218503231609, 0.5652911684056898, 0.5651712339718132, 0.5638084951161321, 0.5644588075480504, 0.5653861129165242], "train_acc": [0.8009164164954969, 0.867277610996998, 0.9051982935692843, 0.9205245694422499, 0.9258966661399906, 0.9276346974245536, 0.9319007742139358, 0.9342708168747037, 0.9374308737557276, 0.9363248538473693, 0.9399589192605466, 0.9404329277927003, 0.9412229420129562, 0.9407489334808027, 0.9388528993521883, 0.9429609732975194, 0.954179175225154, 0.9619213145836625, 0.9682414283457103, 0.9687154368778638, 0.9748775477958603, 0.9783536103649866, 0.9789856217411913, 0.9805656501817033, 0.981987675778164, 0.9829356928424712, 0.9840417127508295, 0.981987675778164, 0.9789856217411913, 0.981987675778164, 0.9835677042186759, 0.9834097013746247, 0.98277768999842, 0.9857797440353926, 0.9856217411913415, 0.9851477326591879, 0.9854637383472903, 0.9837257070627271, 0.98277768999842, 0.9853057355032391, 0.9851477326591879, 0.9865697582556486, 0.9849897298151367, 0.9853057355032391, 0.9867277610996998, 0.986095749723495, 0.986095749723495, 0.987675778164007, 0.9868857639437509, 0.986095749723495], "train_micro_f1": [0.8010554313659668, 0.867235541343689, 0.9052492380142212, 0.9204774498939514, 0.925762951374054, 0.9276338815689087, 0.9319223165512085, 0.9342625737190247, 0.9374464154243469, 0.9363145232200623, 0.9398366212844849, 0.9404451847076416, 0.9412340521812439, 0.9408144354820251, 0.9388936758041382, 0.9429972171783447, 0.9541760683059692, 0.9619095325469971, 0.9682497382164001, 0.9687227606773376, 0.9749050140380859, 0.9783234000205994, 0.9789817333221436, 0.9805330634117126, 0.9819533824920654, 0.9829275012016296, 0.98405921459198, 0.9820073843002319, 0.9789546728134155, 0.9820073843002319, 0.9835858345031738, 0.9833740592002869, 0.9827965497970581, 0.9857414960861206, 0.9856374859809875, 0.9851639866828918, 0.9854795336723328, 0.983689546585083, 0.9827698469161987, 0.9853217601776123, 0.9851641058921814, 0.9865844249725342, 0.9850060939788818, 0.9852948188781738, 0.9867423176765442, 0.9860572218894958, 0.9861108064651489, 0.9876353144645691, 0.9869000315666199, 0.986083984375], "train_macro_f1": [0.31305304169654846, 0.5093029737472534, 0.5737476348876953, 0.597358226776123, 0.6037117838859558, 0.6026467680931091, 0.6133595705032349, 0.6164470911026001, 0.619716227054596, 0.6164520978927612, 0.6202343106269836, 0.6201003193855286, 0.6230239272117615, 0.6239945888519287, 0.6220552921295166, 0.6683003306388855, 0.7791269421577454, 0.8222795724868774, 0.8499184846878052, 0.8564288020133972, 0.8822020292282104, 0.8932324647903442, 0.9004615545272827, 0.8986315727233887, 0.9091865420341492, 0.9005163908004761, 0.9153494834899902, 0.9055458307266235, 0.9101687669754028, 0.9242960214614868, 0.9054545760154724, 0.9056647419929504, 0.9148476123809814, 0.9357675909996033, 0.9344727396965027, 0.9219928979873657, 0.9191575646400452, 0.9157080054283142, 0.9133021235466003, 0.9298215508460999, 0.9018953442573547, 0.9198355078697205, 0.9248425960540771, 0.9209663271903992, 0.9177537560462952, 0.9351772665977478, 0.9212248921394348, 0.9177250862121582, 0.9434418678283691, 0.9374197125434875], "test_loss": [0.7206050112739968, 0.6641576847017978, 0.6457796950771021, 0.6586237216929582, 0.6428769120142871, 0.6437950311246283, 0.643046132311818, 0.642173266644276, 0.6438294975951888, 0.6356686419576162, 0.6376697773505673, 0.636352642419891, 0.6391843549450665, 0.6374255495212986, 0.6351003034236833, 0.631108914984982, 0.6282119878243587, 0.6338692715253847, 0.6342161966514829, 0.6244232336027443, 0.6231663278289332, 0.6246435679895398, 0.6286407822080602, 0.6241619757889044, 0.620371657538399, 0.6187476453642565, 0.6201954820226885, 0.6241685813616441, 0.6233722715534444, 0.6219753284132036, 0.6176162496896311, 0.6187005715511753, 0.6212760995478097, 0.6489690701116585, 0.619709493122896, 0.6163523045432621, 0.6231908819303434, 0.6218107149183788, 0.6197990017154137, 0.618746136685225, 0.6220495638332258, 0.6263790913420392, 0.6295090989078514, 0.6321235693713494, 0.6238331784572468, 0.6240819128570267, 0.6289363080236781, 0.6339120016923375, 0.6322718585358341, 0.6284870060274892], "test_acc": [0.8281743524952622, 0.8843967150979154, 0.9065066329753633, 0.8913455464308275, 0.9065066329753633, 0.9077700568540745, 0.9077700568540745, 0.9084017687934302, 0.9071383449147189, 0.9147188881869868, 0.9134554643082754, 0.914087176247631, 0.9115603284902085, 0.9121920404295641, 0.9153506001263424, 0.9185091598231206, 0.9216677195198989, 0.9147188881869868, 0.9147188881869868, 0.9248262792166771, 0.9254579911560329, 0.9273531269740998, 0.9204042956411876, 0.9248262792166771, 0.9311433986102338, 0.9336702463676564, 0.9311433986102338, 0.9273531269740998, 0.9260897030953885, 0.9273531269740998, 0.9317751105495894, 0.9317751105495894, 0.9286165508528111, 0.901452937460518, 0.9311433986102338, 0.9349336702463676, 0.9267214150347441, 0.9286165508528111, 0.9311433986102338, 0.9330385344283006, 0.9292482627921668, 0.9241945672773215, 0.9222994314592545, 0.917877447883765, 0.9267214150347441, 0.9260897030953885, 0.9204042956411876, 0.915982312065698, 0.917877447883765, 0.9229311433986103], "test_micro_f1": [0.8284175395965576, 0.8849468231201172, 0.906369686126709, 0.8909175395965576, 0.906595766544342, 0.9078457355499268, 0.9071675539016724, 0.9080186486244202, 0.9063165187835693, 0.9144946932792664, 0.913696825504303, 0.9140957593917847, 0.9118217825889587, 0.9124467968940735, 0.9153457283973694, 0.9184707403182983, 0.9215957522392273, 0.915398895740509, 0.9144946932792664, 0.9253989458084106, 0.9251196980476379, 0.9267686009407043, 0.9205718040466309, 0.9247207641601562, 0.930518627166748, 0.9336968064308167, 0.9311968088150024, 0.9265425801277161, 0.925970733165741, 0.9278989434242249, 0.9318218231201172, 0.9320478439331055, 0.9289228320121765, 0.9018217921257019, 0.9314228892326355, 0.9353989362716675, 0.9268218278884888, 0.9291489124298096, 0.9311968088150024, 0.933297872543335, 0.9290957450866699, 0.9245478510856628, 0.9224467873573303, 0.918523907661438, 0.9263696670532227, 0.925970733165741, 0.9207978844642639, 0.9159707427024841, 0.9178457260131836, 0.9232978820800781],