{"train_loss": [0.9125971870505992, 0.7361857011469267, 0.6677453212968583, 0.6509758654147796, 0.6379640166332681, 0.6335686598650594, 0.6268110032951046, 0.6210559222215648, 0.6176170410938899, 0.6145515610471421, 0.6126554305283336, 0.6052262430640076, 0.6001732776676955, 0.5897527659818975, 0.5897286353112774, 0.5874732867916871, 0.5845841526194081, 0.5815268106926936, 0.5807267671362976, 0.5805323762546352, 0.5782499652580169, 0.577844035985214, 0.5756106023578249, 0.5753001565239331, 0.578700825998165, 0.5758048111952807, 0.5745644477009303, 0.5731792115434348, 0.5746659797446049, 0.5735623167389508, 0.5721607037885699, 0.5711457857043658, 0.5717387284255363, 0.5719372784946367, 0.5737679598361212, 0.5711330679246912, 0.5715142684556199, 0.5700058758042212, 0.5696223928928752, 0.5690513944753935, 0.5719832694818668, 0.5707370553522958, 0.5681792080053919, 0.5691177320152611, 0.570308976253263, 0.5676883533773575, 0.5677355154183337, 0.5664836373030057, 0.5674427436094636, 0.569103574005042], "train_acc": [0.754305577500395, 0.8453152156738821, 0.8985621741191342, 0.9069363248538473, 0.9168905040290726, 0.9195765523779428, 0.9255806604518881, 0.9311107599936799, 0.9337968083425502, 0.9371148680676252, 0.9390109021962395, 0.9477010586190552, 0.9544951809132565, 0.9657133828408911, 0.9627113288039185, 0.9649233686206352, 0.9677674198135566, 0.970453468162427, 0.9710854795386317, 0.9712434823826829, 0.9734555221993996, 0.973771527887502, 0.9759835677042187, 0.9762995733923211, 0.9728235108231948, 0.975509559172065, 0.9772475904566282, 0.9783536103649866, 0.9767735819244746, 0.977879601832833, 0.9794596302733449, 0.9799336388054986, 0.9797756359614473, 0.9796176331173961, 0.9777215989887817, 0.9804076473376521, 0.9797756359614473, 0.9813556644019592, 0.9818296729341128, 0.9826196871543688, 0.9796176331173961, 0.9804076473376521, 0.9832516985305736, 0.9821456786222152, 0.9808816558698057, 0.9838837099067783, 0.9838837099067783, 0.9849897298151367, 0.9840417127508295, 0.9823036814662663], "train_micro_f1": [0.7544693350791931, 0.8454321622848511, 0.898593544960022, 0.9070121645927429, 0.9169284701347351, 0.9196389317512512, 0.9255821108818054, 0.9310522079467773, 0.933843195438385, 0.9371304512023926, 0.9389165043830872, 0.9477316737174988, 0.9544647336006165, 0.965643584728241, 0.9627256989479065, 0.9649080038070679, 0.9677221179008484, 0.9704591035842896, 0.9710904955863953, 0.9712751507759094, 0.9734576940536499, 0.9737733006477356, 0.9759829044342041, 0.9763256907463074, 0.9728534817695618, 0.9755364656448364, 0.977245569229126, 0.9783505797386169, 0.9767991304397583, 0.9779039025306702, 0.9794822931289673, 0.9799559712409973, 0.9797977209091187, 0.9795860648155212, 0.9777461290359497, 0.9804021716117859, 0.9797979593276978, 0.9813759922981262, 0.9817957282066345, 0.9826385378837585, 0.9796131253242493, 0.9804293513298035, 0.9832699298858643, 0.9821651577949524, 0.9809026122093201, 0.9838743805885315, 0.98390132188797, 0.9850062131881714, 0.984032154083252, 0.9823228120803833], "train_macro_f1": [0.3033120930194855, 0.46152207255363464, 0.5674200057983398, 0.5803989768028259, 0.5897639989852905, 0.5937161445617676, 0.6024873852729797, 0.6091724634170532, 0.6115640997886658, 0.6169446110725403, 0.6198180317878723, 0.6935452818870544, 0.7674195170402527, 0.8456591963768005, 0.8454087376594543, 0.8428798913955688, 0.8409572839736938, 0.8709000945091248, 0.8750821352005005, 0.8927932381629944, 0.8938097357749939, 0.8844672441482544, 0.8958492279052734, 0.895310640335083, 0.8739415407180786, 0.8810678720474243, 0.8822040557861328, 0.8860446810722351, 0.9022279381752014, 0.9014310836791992, 0.8959080576896667, 0.9073842763900757, 0.8925132155418396, 0.9095499515533447, 0.9090900421142578, 0.9037036895751953, 0.9085312485694885, 0.9214295148849487, 0.9256198406219482, 0.9120921492576599, 0.897981584072113, 0.9196113348007202, 0.9122101068496704, 0.9086626172065735, 0.902021586894989, 0.9238625764846802, 0.905949592590332, 0.9245672225952148, 0.9059311747550964, 0.9115403890609741], "test_loss": [0.77284391255448, 0.6797970075510908, 0.6591635858116464, 0.6516382712317809, 0.6474753699947292, 0.6484081542574749, 0.6435623042807878, 0.6450901459984891, 0.6472559898470447, 0.6400698176382165, 0.6405054741996191, 0.6365703614693387, 0.6355584406129785, 0.6299864470544527, 0.6388188466119074, 0.6356939444493735, 0.6279652011748439, 0.6242313328906847, 0.642976390208463, 0.6443664102861569, 0.6311855077818836, 0.6273699088030349, 0.6287867284544043, 0.6234762242001517, 0.6265399178898342, 0.6337528219346524, 0.6341573754896187, 0.6334213198398535, 0.6299285527203404, 0.6281848377392252, 0.6292014025241155, 0.6278515361338872, 0.6285707737852785, 0.6194951946194686, 0.6367939163142944, 0.6245030201618534, 0.624018190935753, 0.6253340863684499, 0.6325979386788716, 0.626598611897633, 0.6296156396688123, 0.6299390987889042, 0.6327194635505098, 0.6232542949843392, 0.6242590695337186, 0.6277053016540903, 0.62550877835731, 0.627461158129812, 0.6279582215575424, 0.6284582788478854], "test_acc": [0.8288060644346178, 0.8926089703095389, 0.897662665824384, 0.9020846493998737, 0.9046114971572963, 0.9027163613392293, 0.9090334807327859, 0.9065066329753633, 0.9020846493998737, 0.9102969046114971, 0.9065066329753633, 0.9115603284902085, 0.9153506001263424, 0.9191408717624763, 0.9109286165508528, 0.9134554643082754, 0.9210360075805433, 0.9267214150347441, 0.9065066329753633, 0.9039797852179406, 0.9191408717624763, 0.9229311433986103, 0.9222994314592545, 0.9267214150347441, 0.9248262792166771, 0.9166140240050537, 0.9166140240050537, 0.9172457359444094, 0.9210360075805433, 0.9216677195198989, 0.9216677195198989, 0.9229311433986103, 0.9222994314592545, 0.932406822488945, 0.914087176247631, 0.9248262792166771, 0.9267214150347441, 0.9260897030953885, 0.917877447883765, 0.9241945672773215, 0.9210360075805433, 0.9204042956411876, 0.917877447883765, 0.9267214150347441, 0.9267214150347441, 0.9229311433986103, 0.9254579911560329, 0.9241945672773215, 0.9216677195198989, 0.9222994314592545], "test_micro_f1": [0.8294947147369385, 0.8923936486244202, 0.8976196646690369, 0.9015425443649292, 0.9051728844642639, 0.9026196599006653, 0.9081915020942688, 0.9056915044784546, 0.9015425443649292, 0.910345733165741, 0.906369686126709, 0.9113696813583374, 0.9155718088150024, 0.9186436533927917, 0.9111968278884888, 0.9132446646690369, 0.9209707379341125, 0.9272739291191101, 0.9059175848960876, 0.9034175872802734, 0.9195478558540344, 0.9232978820800781, 0.9228989481925964, 0.9268218278884888, 0.9247207641601562, 0.9165957570075989, 0.9159175753593445, 0.9172207713127136, 0.9207446575164795, 0.9218217730522156, 0.9218217730522156, 0.9221675395965576, 0.921994686126709, 0.9326728582382202, 0.9147739410400391, 0.9244946837425232, 0.9265957474708557, 0.926196813583374, 0.9182978868484497, 0.9234175682067871, 0.9202925562858582, 0.9207978844642639, 0.9178457260131836, 0.9265957474708557, 0.9272739291191101, 0.9230718016624451, 0.9248936176300049, 0.9245478510856628, 0.920465350151062, 0.9217686057090759],