{"train_loss": [0.8537414144953576, 0.7136580117092745, 0.6685035834852638, 0.6544786595605074, 0.6439912800898878, 0.6396821158289024, 0.6355534448576945, 0.6348008139473621, 0.6289500545072865, 0.6277557024083293, 0.6224213541731259, 0.6197669490627965, 0.6129517888623517, 0.6060468474917171, 0.6013252384328488, 0.6012772283841882, 0.6013534287740352, 0.6015093633679911, 0.6084285678598322, 0.5965970347213564, 0.5918287372001446, 0.5863740081413414, 0.5884455778169715, 0.5872661474851433, 0.5819543165172855, 0.5791486371258534, 0.5794039711904744, 0.5908607708596, 0.5793729653044285, 0.5760078551287446, 0.5764009729439773, 0.576388631505148, 0.5766382322791328, 0.5860774432111642, 0.5778982767581864, 0.5752187767833458, 0.5740972439962874, 0.5748694797586088, 0.5745598354560351, 0.5734953390589482, 0.5806990375374143, 0.5746564287242024, 0.5729678902115222, 0.5767055805928524, 0.5730425516450399, 0.574392043502622, 0.5708954935956103, 0.5690018235648256, 0.571044235249081, 0.572944725232208], "train_acc": [0.7817980723653025, 0.8435771843893191, 0.8837099067783221, 0.8969821456786222, 0.907410333386001, 0.9115184073313319, 0.9151524727445094, 0.9162584926528677, 0.9216305893506083, 0.9225786064149155, 0.9276346974245536, 0.9298467372412703, 0.9388528993521883, 0.9464370358666456, 0.9495970927476695, 0.9505451098119766, 0.9497550955917207, 0.9499130984357719, 0.9431189761415706, 0.9548111866013588, 0.959867277610997, 0.9652393743087375, 0.9622373202717649, 0.9633433401801232, 0.9695054510981198, 0.97219149944699, 0.9718754937588877, 0.9600252804550482, 0.9718754937588877, 0.9751935534839627, 0.9751935534839627, 0.9750355506399115, 0.9745615421077579, 0.9650813714646863, 0.9736135250434508, 0.9759835677042187, 0.9772475904566282, 0.9767735819244746, 0.9766155790804234, 0.977879601832833, 0.970453468162427, 0.9767735819244746, 0.9783536103649866, 0.9748775477958603, 0.9781956075209354, 0.9766155790804234, 0.9807236530257545, 0.9824616843103176, 0.9802496444936009, 0.978669616053089], "train_micro_f1": [0.7817966938018799, 0.8437229990959167, 0.8836767077445984, 0.8969611525535583, 0.9074317216873169, 0.9114544987678528, 0.9151657223701477, 0.9162700772285461, 0.9216094613075256, 0.9225025773048401, 0.9276606440544128, 0.9298164248466492, 0.9388935565948486, 0.9463617205619812, 0.9495987892150879, 0.9504921436309814, 0.949783444404602, 0.9499144554138184, 0.9431280493736267, 0.9548072218894958, 0.9598574638366699, 0.9652509689331055, 0.9621712565422058, 0.9633297920227051, 0.969485342502594, 0.9721949100494385, 0.9718796014785767, 0.9600695371627808, 0.9718526601791382, 0.9751938581466675, 0.9751938581466675, 0.9750362038612366, 0.9745892882347107, 0.9651199579238892, 0.9736424088478088, 0.9759559631347656, 0.9771917462348938, 0.9767990112304688, 0.9766413569450378, 0.9778768420219421, 0.9704591035842896, 0.9767992496490479, 0.9783505797386169, 0.974878191947937, 0.9781928062438965, 0.9766412377357483, 0.9807448387145996, 0.9824540615081787, 0.9802712202072144, 0.9786121845245361], "train_macro_f1": [0.33096781373023987, 0.4533538520336151, 0.5464126467704773, 0.5607886910438538, 0.5804513096809387, 0.587649941444397, 0.5906249284744263, 0.589724063873291, 0.5980716347694397, 0.6018776297569275, 0.608024537563324, 0.6222372651100159, 0.6924279928207397, 0.762015163898468, 0.7954450845718384, 0.8133631348609924, 0.8074436783790588, 0.831548273563385, 0.8143758773803711, 0.8409548997879028, 0.854476273059845, 0.8774308562278748, 0.8530916571617126, 0.88040691614151, 0.879355788230896, 0.8898398876190186, 0.8908591270446777, 0.8484168648719788, 0.8987253904342651, 0.9070021510124207, 0.8927836418151855, 0.9006395936012268, 0.8966096639633179, 0.8702621459960938, 0.9019025564193726, 0.899318516254425, 0.9032469987869263, 0.8918757438659668, 0.9052951335906982, 0.8984495401382446, 0.9067919254302979, 0.9093117117881775, 0.9123702049255371, 0.8939504623413086, 0.9114214181900024, 0.9145770072937012, 0.9294237494468689, 0.9134280681610107, 0.9138650298118591, 0.9101511836051941], "test_loss": [0.7214329380892683, 0.6649160551934474, 0.6712725454316588, 0.65058358379805, 0.6569991524055346, 0.6549844446622037, 0.6459397612609068, 0.6594604423207266, 0.6419994267420308, 0.6468909034906726, 0.6417186910866637, 0.6478859551029723, 0.640220756103024, 0.6343206026775507, 0.6351486876352783, 0.6317771420927644, 0.6410155492121106, 0.6472080058864755, 0.6293921130635809, 0.6242568848333401, 0.6256830523605973, 0.6341955547685195, 0.6857501167476893, 0.6303417549732736, 0.6282941857547001, 0.6209539632893633, 0.6225440903170834, 0.6300661193368108, 0.621854470112018, 0.6257612094876138, 0.6236616223203331, 0.6242474451595217, 0.6236281135906092, 0.6455574921995345, 0.634640944056773, 0.6222342802088093, 0.6655587706849008, 0.6202632029524952, 0.635051348957922, 0.6368598737297974, 0.6305020584837214, 0.63622942120684, 0.6229743770760822, 0.6287766197626905, 0.6248571521409011, 0.6241660891494943, 0.6288312483044719, 0.6250198751556219, 0.6269493412158192, 0.6468203888990723], "test_acc": [0.8376500315855969, 0.8862918509159823, 0.8806064434617814, 0.9001895135818067, 0.8932406822488945, 0.8957675300063171, 0.9046114971572963, 0.8913455464308275, 0.9090334807327859, 0.9046114971572963, 0.9102969046114971, 0.9001895135818067, 0.9102969046114971, 0.915982312065698, 0.9153506001263424, 0.9204042956411876, 0.9109286165508528, 0.9027163613392293, 0.9222994314592545, 0.9273531269740998, 0.9254579911560329, 0.9166140240050537, 0.8641819330385344, 0.9204042956411876, 0.9229311433986103, 0.9311433986102338, 0.9286165508528111, 0.9204042956411876, 0.9292482627921668, 0.9248262792166771, 0.9279848389134555, 0.9267214150347441, 0.9273531269740998, 0.9058749210360075, 0.9153506001263424, 0.9286165508528111, 0.885028427037271, 0.930511686670878, 0.9153506001263424, 0.914087176247631, 0.9210360075805433, 0.914087176247631, 0.9279848389134555, 0.9222994314592545, 0.9254579911560329, 0.9267214150347441, 0.9222994314592545, 0.9267214150347441, 0.9248262792166771, 0.9046114971572963], "test_micro_f1": [0.8382446765899658, 0.8868218064308167, 0.8802925944328308, 0.8998936414718628, 0.8936967849731445, 0.8955186009407043, 0.9042686223983765, 0.8913697004318237, 0.9093217849731445, 0.9044947028160095, 0.9098936319351196, 0.9005718231201172, 0.9101197123527527, 0.9168750047683716, 0.914667546749115, 0.9203457236289978, 0.9107446670532227, 0.9028457403182983, 0.9224467873573303, 0.9274467825889587, 0.9248936176300049, 0.9163696765899658, 0.8640425801277161, 0.9205718040466309, 0.9232978820800781, 0.9309707283973694, 0.9284707307815552, 0.9201197028160095, 0.9290957450866699, 0.9244946837425232, 0.9280717968940735, 0.9268218278884888, 0.9274467825889587, 0.9057446718215942, 0.9155718088150024, 0.9282447099685669, 0.8851196765899658, 0.9303457140922546, 0.9155718088150024, 0.9138696789741516, 0.9211968183517456, 0.914547860622406, 0.9276196956634521, 0.922220766544342, 0.9255717992782593, 0.927047848701477, 0.922220766544342, 0.9268218278884888, 0.9247207641601562, 0.9040425419807434],