{"train_loss": [0.824812984387444, 0.7233429018835977, 0.6727402160792653, 0.6542212464248499, 0.6430756019592888, 0.6363852348424074, 0.6274240584636417, 0.6245123115850109, 0.62125197851106, 0.6180575990642976, 0.6184250176150683, 0.6147942214540291, 0.6136963514566686, 0.6125189677989771, 0.6070278562590077, 0.5961805150056454, 0.5850962212270687, 0.5882439775326783, 0.5788016529289688, 0.5793565554459864, 0.5782186226608215, 0.5771303388495678, 0.5769407984241902, 0.5741474092957871, 0.5718579155834841, 0.5742105221198358, 0.5709169081252302, 0.5682195769438982, 0.5748877243834435, 0.5771567271602984, 0.5754732482522599, 0.569705529336512, 0.5699755628162848, 0.5741831447618948, 0.5720646204796235, 0.5665665737522931, 0.5661191542127118, 0.5685588877279059, 0.5656757946073924, 0.5660674537145465, 0.5683557860639201, 0.5707758591815106, 0.568348918476834, 0.5649160214709076, 0.5642823255783499, 0.5635962769174899, 0.5644436405627605, 0.5644704632650602, 0.5635558573305748, 0.5639437748124239], "train_acc": [0.7934902828250908, 0.8505293095275714, 0.8924000632011376, 0.905830304945489, 0.9137304471480486, 0.9189445410017381, 0.9265286775161953, 0.9290567230210144, 0.9317427713698847, 0.9347448254068573, 0.9334808026544478, 0.9372728709116764, 0.9380628851319324, 0.9388528993521883, 0.9445410017380312, 0.9559172065097171, 0.9679254226576078, 0.9650813714646863, 0.9732975193553484, 0.9725075051350924, 0.9732975193553484, 0.9745615421077579, 0.9742455364196555, 0.9775635961447307, 0.9799336388054986, 0.9772475904566282, 0.9802496444936009, 0.9835677042186759, 0.9764575762363723, 0.9742455364196555, 0.9759835677042187, 0.9821456786222152, 0.9816716700900616, 0.977089587612577, 0.9791436245852425, 0.9851477326591879, 0.9853057355032391, 0.9829356928424712, 0.9859377468794438, 0.9856217411913415, 0.9829356928424712, 0.9807236530257545, 0.9830936956865224, 0.9865697582556486, 0.9872017696318534, 0.9879917838521093, 0.9868857639437509, 0.9870437667878021, 0.9878337810080582, 0.987675778164007], "train_micro_f1": [0.7935031652450562, 0.8506405353546143, 0.8923302888870239, 0.9057728052139282, 0.9137720465660095, 0.9189532995223999, 0.9265557527542114, 0.929027259349823, 0.9318181872367859, 0.9347362518310547, 0.9334734678268433, 0.9372342824935913, 0.9379967451095581, 0.9388391375541687, 0.9445753693580627, 0.9559391140937805, 0.9679608345031738, 0.9651199579238892, 0.973300039768219, 0.9725379347801208, 0.9733268618583679, 0.9745087027549744, 0.9742198586463928, 0.9775883555412292, 0.9799554347991943, 0.9772189855575562, 0.9802446365356445, 0.9835588932037354, 0.976402759552002, 0.9742469191551208, 0.9759827852249146, 0.9821383357048035, 0.9816649556159973, 0.9770340323448181, 0.979166567325592, 0.9851639866828918, 0.9852949380874634, 0.9829543232917786, 0.9859262108802795, 0.9856374859809875, 0.9829544425010681, 0.9807449579238892, 0.9830580353736877, 0.9865844249725342, 0.9872156977653503, 0.9879779815673828, 0.9869000315666199, 0.9870578050613403, 0.9878201484680176, 0.987689197063446], "train_macro_f1": [0.308204710483551, 0.4687577784061432, 0.5559447407722473, 0.577160120010376, 0.5877479314804077, 0.5934924483299255, 0.6015418767929077, 0.6054072380065918, 0.6097217798233032, 0.6160087585449219, 0.6118179559707642, 0.6163969039916992, 0.6164994835853577, 0.6191180944442749, 0.6413025259971619, 0.7662779688835144, 0.8336678743362427, 0.8406433463096619, 0.8788608908653259, 0.8656059503555298, 0.8724115490913391, 0.8760543465614319, 0.8835427165031433, 0.8964908123016357, 0.9021311402320862, 0.8947481513023376, 0.9057113528251648, 0.9083026647567749, 0.8937695622444153, 0.9034000635147095, 0.8985063433647156, 0.9253134727478027, 0.9207361936569214, 0.8984600901603699, 0.9104446172714233, 0.9258397221565247, 0.927478551864624, 0.9324713349342346, 0.9246816039085388, 0.9255251288414001, 0.9151597619056702, 0.9063477516174316, 0.9229412078857422, 0.9212967157363892, 0.9302650094032288, 0.941342294216156, 0.9308640360832214, 0.9190937876701355, 0.9326606392860413, 0.9169318675994873], "test_loss": [0.741196406919295, 0.673342545651516, 0.6734400547085423, 0.6619883696639831, 0.6500624959331784, 0.6623637211977946, 0.655362382917109, 0.6490138509344316, 0.6479376828602726, 0.6449355544052919, 0.6441097799465013, 0.6413645652827024, 0.6362543099678097, 0.6393132680063374, 0.6519164419671214, 0.6347886774258303, 0.6294261969423565, 0.6222127189157285, 0.6254026373202335, 0.6249660599932065, 0.643328738980706, 0.6215166433356039, 0.623458984827438, 0.6267472611750822, 0.6370363963681991, 0.6401578078748904, 0.6278389726947247, 0.6340756282652772, 0.634879217069509, 0.6432442820230316, 0.6297458333074482, 0.6227949140046265, 0.6264273104453795, 0.6307542658424498, 0.625885774873889, 0.6318986967855514, 0.6369024320109615, 0.6253973357450036, 0.6303706051274636, 0.64001455283662, 0.6279147352437316, 0.6488858482089136, 0.6298016909173374, 0.6287549879832578, 0.6187366959571236, 0.620805664862249, 0.6187946069714998, 0.6247321576990813, 0.6241232560393333, 0.6236973802123127], "test_acc": [0.8344914718888187, 0.8963992419456728, 0.8862918509159823, 0.8926089703095389, 0.903348073278585, 0.885028427037271, 0.8963992419456728, 0.9020846493998737, 0.9039797852179406, 0.9065066329753633, 0.9065066329753633, 0.9102969046114971, 0.9147188881869868, 0.9109286165508528, 0.897662665824384, 0.914087176247631, 0.9204042956411876, 0.9279848389134555, 0.9248262792166771, 0.9273531269740998, 0.9071383449147189, 0.9286165508528111, 0.9273531269740998, 0.9241945672773215, 0.9134554643082754, 0.9090334807327859, 0.9204042956411876, 0.9153506001263424, 0.915982312065698, 0.9071383449147189, 0.9210360075805433, 0.9260897030953885, 0.9235628553379659, 0.919772583701832, 0.9254579911560329, 0.9185091598231206, 0.9147188881869868, 0.9260897030953885, 0.9204042956411876, 0.9109286165508528, 0.9222994314592545, 0.9001895135818067, 0.9204042956411876, 0.9216677195198989, 0.9336702463676564, 0.930511686670878, 0.932406822488945, 0.9260897030953885, 0.9260897030953885, 0.9267214150347441], "test_micro_f1": [0.8346675634384155, 0.8963696956634521, 0.8861436247825623, 0.8926196694374084, 0.90324467420578, 0.8853457570075989, 0.8961436152458191, 0.9024468064308167, 0.9043217897415161, 0.906369686126709, 0.906369686126709, 0.910345733165741, 0.9147207140922546, 0.9107446670532227, 0.8982978463172913, 0.9138696789741516, 0.9201197028160095, 0.9282978773117065, 0.9247207641601562, 0.9272207617759705, 0.9076728820800781, 0.9277925491333008, 0.9272207617759705, 0.9240957498550415, 0.9127925634384155, 0.9093217849731445, 0.9194415211677551, 0.914667546749115, 0.9161968231201172, 0.9076728820800781, 0.9209707379341125, 0.9255186319351196, 0.9232446551322937, 0.9203988909721375, 0.9253457188606262, 0.9182446599006653, 0.9142686128616333, 0.9264228343963623, 0.9207978844642639, 0.9105186462402344, 0.922220766544342, 0.9005718231201172, 0.9203457236289978, 0.920465350151062, 0.9336968064308167, 0.9301196932792664, 0.9331249594688416, 0.926196813583374, 0.925970733165741, 0.9263696670532227],