{"train_loss": [0.7700419224142971, 0.7362896966452017, 0.6582283278196452, 0.6431776784686497, 0.6337617062848031, 0.624105691146956, 0.6206052825337508, 0.6161646025782419, 0.6132183957955042, 0.6132751403308476, 0.6108721317433504, 0.6113836266433558, 0.6101241720233187, 0.6101615375055297, 0.6087749111914187, 0.6080579317977858, 0.6019265168103811, 0.5909782648180725, 0.5846109318495889, 0.578989744581945, 0.5746566623303351, 0.5723551342151688, 0.5703375469001478, 0.5711461794114561, 0.57070240763093, 0.5696155856167616, 0.5690633552223986, 0.5668860765067788, 0.567790965132473, 0.5662556320951531, 0.5658617401541193, 0.5654028050141192, 0.565437912112221, 0.5660144822502197, 0.5653844007403765, 0.565096492600829, 0.5653538226252541, 0.5659193626831146, 0.5660975923054514, 0.5669496531621373, 0.5705093417071226, 0.5689145984629316, 0.5699947786417819, 0.5672839898448323, 0.5677459254086272, 0.5666087547228562, 0.5671349198431328, 0.5679272431335775, 0.5657800136160221, 0.5647987558917423], "train_acc": [0.7874861747511456, 0.8145046610838995, 0.8925580660451888, 0.9080423447622057, 0.9167325011850214, 0.9265286775161953, 0.9301627429293727, 0.9350608310949597, 0.9379048822878812, 0.9379048822878812, 0.9398009164164955, 0.9396429135724443, 0.9412229420129562, 0.9412229420129562, 0.9424869647653658, 0.9428029704534682, 0.9495970927476695, 0.9595512719228946, 0.9658713856849424, 0.9726655079791436, 0.9764575762363723, 0.9793016274292937, 0.981197661557908, 0.9804076473376521, 0.9808816558698057, 0.9815136672460104, 0.981987675778164, 0.9849897298151367, 0.9838837099067783, 0.9853057355032391, 0.9857797440353926, 0.986095749723495, 0.986095749723495, 0.9854637383472903, 0.986095749723495, 0.9864117554115974, 0.986095749723495, 0.9854637383472903, 0.9854637383472903, 0.9845157212829831, 0.9808816558698057, 0.9824616843103176, 0.9810396587138569, 0.9843577184389319, 0.9837257070627271, 0.9848317269710855, 0.9841997155948807, 0.9832516985305736, 0.9856217411913415, 0.9865697582556486], "train_micro_f1": [0.7875322699546814, 0.8145480155944824, 0.8924612402915955, 0.9080629944801331, 0.9168243408203125, 0.9265559315681458, 0.9301051497459412, 0.9350517988204956, 0.937892496585846, 0.9378657937049866, 0.9398404359817505, 0.9396557807922363, 0.9412341713905334, 0.9412610530853271, 0.9425235986709595, 0.9428122043609619, 0.9495988488197327, 0.959595799446106, 0.9658821821212769, 0.9726955890655518, 0.9764837026596069, 0.9793241620063782, 0.9811915159225464, 0.9804020524024963, 0.9809027314186096, 0.9815069437026978, 0.9820075035095215, 0.9849793910980225, 0.98390132188797, 0.9852948188781738, 0.9857951402664185, 0.9861109256744385, 0.986111044883728, 0.9854795336723328, 0.9860841035842896, 0.9863994717597961, 0.9860839247703552, 0.9854796528816223, 0.9854529500007629, 0.9845056533813477, 0.9809026122093201, 0.9824540615081787, 0.9810335636138916, 0.9843477606773376, 0.9836896657943726, 0.9848213195800781, 0.98421710729599, 0.9832699298858643, 0.9856374859809875, 0.9865844249725342], "train_macro_f1": [0.2942940890789032, 0.36260688304901123, 0.5565215349197388, 0.5810673236846924, 0.5915662050247192, 0.6058680415153503, 0.6106736660003662, 0.6134144067764282, 0.6172698736190796, 0.6180034875869751, 0.6216714382171631, 0.6236100792884827, 0.6258193254470825, 0.6235318779945374, 0.6253052353858948, 0.6252537369728088, 0.6928753852844238, 0.7938860058784485, 0.8315932750701904, 0.8697069883346558, 0.8876210451126099, 0.8888573050498962, 0.9112825393676758, 0.8960911631584167, 0.9084942936897278, 0.9194572567939758, 0.9030183553695679, 0.933850109577179, 0.8998655676841736, 0.9102928638458252, 0.9236207604408264, 0.915031373500824, 0.9145060181617737, 0.9222571849822998, 0.9234265685081482, 0.929492712020874, 0.9184374809265137, 0.9200342893600464, 0.9295632243156433, 0.9140952229499817, 0.9135100841522217, 0.9264621138572693, 0.9085682034492493, 0.9202597737312317, 0.9078831672668457, 0.9045778512954712, 0.9239948987960815, 0.9033859372138977, 0.9386728405952454, 0.9326381087303162], "test_loss": [0.7391976054830786, 0.669451634114254, 0.651182137481487, 0.6408166382708884, 0.6388084250993542, 0.6391810987542418, 0.6523379203419255, 0.6371844029471758, 0.6386094210423477, 0.6346850036746403, 0.6351809844666467, 0.6347443723106264, 0.6392827935785111, 0.6399626941223048, 0.637630759841343, 0.6397773978910488, 0.6432634418852632, 0.6344032137738853, 0.6359501311617868, 0.624351525299171, 0.6273276697060615, 0.6360826496451396, 0.6250243405714414, 0.6272582272073549, 0.6380978065506989, 0.6312321634211272, 0.6239883191436435, 0.6265622020822045, 0.6241162464126182, 0.6325583972662819, 0.6256402326172391, 0.6254501317169421, 0.6228329616487591, 0.6261985557258544, 0.626940485200623, 0.6291421569003686, 0.6234966770652269, 0.6233089265760108, 0.6282570064632635, 0.6273312542684004, 0.6223975620311947, 0.6324117526327291, 0.6211567076413751, 0.6249925007717714, 0.6263140391038328, 0.6311553266706605, 0.635231846055123, 0.6258105177029882, 0.6239113846837308, 0.6226640554522684], "test_acc": [0.8123815540113708, 0.881238155401137, 0.897662665824384, 0.9102969046114971, 0.9115603284902085, 0.9128237523689198, 0.8957675300063171, 0.9115603284902085, 0.9115603284902085, 0.9166140240050537, 0.9147188881869868, 0.9147188881869868, 0.9102969046114971, 0.9102969046114971, 0.9128237523689198, 0.9109286165508528, 0.9071383449147189, 0.9153506001263424, 0.9134554643082754, 0.9267214150347441, 0.9235628553379659, 0.9109286165508528, 0.9260897030953885, 0.9222994314592545, 0.9109286165508528, 0.9191408717624763, 0.9279848389134555, 0.9204042956411876, 0.9254579911560329, 0.917877447883765, 0.9241945672773215, 0.9241945672773215, 0.9273531269740998, 0.9229311433986103, 0.9235628553379659, 0.9210360075805433, 0.9273531269740998, 0.9267214150347441, 0.9216677195198989, 0.9222994314592545, 0.9267214150347441, 0.9172457359444094, 0.930511686670878, 0.9254579911560329, 0.9248262792166771, 0.9185091598231206, 0.9147188881869868, 0.9248262792166771, 0.9279848389134555, 0.9273531269740998], "test_micro_f1": [0.8125665187835693, 0.8818218111991882, 0.8973936438560486, 0.9110239148139954, 0.9118217825889587, 0.9128457307815552, 0.8957446813583374, 0.9120478630065918, 0.9113696813583374, 0.9165957570075989, 0.9151728749275208, 0.9147207140922546, 0.9096675515174866, 0.9107978343963623, 0.9128457307815552, 0.9109707474708557, 0.9065425395965576, 0.9160239100456238, 0.9130186438560486, 0.9265957474708557, 0.9232446551322937, 0.9105186462402344, 0.9266489148139954, 0.921994686126709, 0.9111968278884888, 0.9193217754364014, 0.9280717968940735, 0.9210239052772522, 0.9260239005088806, 0.9180718064308167, 0.9240957498550415, 0.9245478510856628, 0.9274467825889587, 0.9226197004318237, 0.9236968159675598, 0.9214228391647339, 0.9269946813583374, 0.9268218278884888, 0.9213696718215942, 0.922220766544342, 0.9256914854049683, 0.9169946908950806, 0.9307978749275208, 0.9255717992782593, 0.9249467849731445, 0.9189228415489197, 0.9144946932792664, 0.9249467849731445, 0.9276196956634521, 0.9274467825889587],