{"train_loss": [0.853644529278385, 0.7564646351636916, 0.7103075110567635, 0.6690882846423472, 0.6496570663799474, 0.639649946837652, 0.6321272876217836, 0.6227100593046585, 0.6175763404827055, 0.6064556932106536, 0.603276452750349, 0.5993263547426906, 0.5958831062398263, 0.5957069384541288, 0.5889239901143202, 0.5875792461919038, 0.578646929300986, 0.5781780477759774, 0.5776539581762631, 0.5735088245603857, 0.5730391728367582, 0.5713018925481167, 0.5732979757052347, 0.5713254538620605, 0.5691289704715043, 0.5694026369716266, 0.5688458666980012, 0.5669963810564048, 0.5663841738955522, 0.5659187214787791, 0.5655868158349495, 0.5650153297593684, 0.5648057269040471, 0.5659878646278291, 0.5681979224323604, 0.5669901641572815, 0.5686138810978095, 0.5680167630095866, 0.5668644127470562, 0.5666164663904443, 0.5659496881777613, 0.5652833797295411, 0.5653773901454644, 0.565880379578498, 0.571941080025953, 0.5677985917111109, 0.5672495111053185, 0.5731023878617241, 0.5670984466600651, 0.5666113576724794], "train_acc": [0.7467214409859377, 0.7966503397061148, 0.856691420445568, 0.8977721598988782, 0.9113604044872807, 0.9167325011850214, 0.9214725865065572, 0.9309527571496287, 0.9344288197187549, 0.9489650813714647, 0.9532311581608469, 0.9562332121978195, 0.9581292463264339, 0.9568652235740244, 0.9636593458682257, 0.9646073629325328, 0.9740875335756044, 0.973771527887502, 0.9744035392637067, 0.9785116132090378, 0.9785116132090378, 0.9805656501817033, 0.9783536103649866, 0.9804076473376521, 0.98277768999842, 0.9821456786222152, 0.9824616843103176, 0.9845157212829831, 0.9854637383472903, 0.9856217411913415, 0.9859377468794438, 0.9865697582556486, 0.9868857639437509, 0.9856217411913415, 0.9830936956865224, 0.9845157212829831, 0.9829356928424712, 0.9834097013746247, 0.9845157212829831, 0.9848317269710855, 0.9856217411913415, 0.9864117554115974, 0.9862537525675462, 0.9856217411913415, 0.9796176331173961, 0.9837257070627271, 0.9840417127508295, 0.9781956075209354, 0.9843577184389319, 0.9846737241270342], "train_micro_f1": [0.7466510534286499, 0.7966325879096985, 0.8567151427268982, 0.8978312015533447, 0.9113236665725708, 0.9167435765266418, 0.9213978052139282, 0.9309483766555786, 0.9344204664230347, 0.9490212202072144, 0.9532290101051331, 0.9562007188796997, 0.9581217169761658, 0.9568318128585815, 0.9636726379394531, 0.9646463990211487, 0.9741156697273254, 0.9737734198570251, 0.9743776321411133, 0.9785352945327759, 0.9785350561141968, 0.9805869460105896, 0.9783772826194763, 0.9804022908210754, 0.9827965497970581, 0.9821652770042419, 0.9824810028076172, 0.9845057725906372, 0.9854795336723328, 0.9856374859809875, 0.985953152179718, 0.9865573644638062, 0.9869001507759094, 0.9856374859809875, 0.9831122756004333, 0.9845058917999268, 0.9829273223876953, 0.9834278225898743, 0.9845328330993652, 0.9848482608795166, 0.9856376051902771, 0.9864265322685242, 0.9862419366836548, 0.9855296015739441, 0.9796131253242493, 0.983689546585083, 0.9840593338012695, 0.9781926870346069, 0.9843478798866272, 0.9846634268760681], "train_macro_f1": [0.27969425916671753, 0.3059545159339905, 0.49016520380973816, 0.5635695457458496, 0.5825956463813782, 0.5898512005805969, 0.5932796001434326, 0.6046987175941467, 0.6109601259231567, 0.7231937646865845, 0.8038576245307922, 0.8163908123970032, 0.8253937363624573, 0.8450556993484497, 0.8612780570983887, 0.8623313307762146, 0.8795413374900818, 0.8767968416213989, 0.884124219417572, 0.8939355611801147, 0.8851799368858337, 0.9186990857124329, 0.906848669052124, 0.9025503396987915, 0.9052808284759521, 0.9086563587188721, 0.9223548769950867, 0.9140221476554871, 0.9238167405128479, 0.9189176559448242, 0.9198896288871765, 0.9246386289596558, 0.920383870601654, 0.929807722568512, 0.9200869798660278, 0.9295368790626526, 0.9142283201217651, 0.9096488952636719, 0.914195716381073, 0.9244967103004456, 0.9260939955711365, 0.9227698445320129, 0.9430282711982727, 0.9168168306350708, 0.9073677659034729, 0.9075494408607483, 0.9117748737335205, 0.9033750295639038, 0.9185165166854858, 0.9224820733070374], "test_loss": [0.753150872053109, 0.7220151350231616, 0.6747929395864225, 0.6584993068808931, 0.6536325810833664, 0.655739522326693, 0.6421657335660311, 0.6442270001051776, 0.6411254009489612, 0.6352620303668481, 0.654140409155127, 0.6616811927782156, 0.6423982276392375, 0.634961817698319, 0.6407159268667784, 0.632286125357514, 0.6271574922324884, 0.625505975357581, 0.6219086921900341, 0.6238496043752886, 0.6228796721483738, 0.6350301860708717, 0.6195103542682723, 0.6208479129959342, 0.622377114023352, 0.62261284888732, 0.6270304292120364, 0.6281757687588545, 0.6259868879598376, 0.6325696697358609, 0.6239087588035526, 0.6242135875374173, 0.6256247651930934, 0.6256725924043661, 0.624005010176217, 0.6377888565867744, 0.6428516926979311, 0.6217230090369021, 0.6343141618365362, 0.6277449137789497, 0.63209588928307, 0.6353951289694443, 0.6246180948545417, 0.6401055134781086, 0.629241367419611, 0.6408553075654855, 0.6267563015768517, 0.6393960941011064, 0.6355121941861667, 0.6278826731032988], "test_acc": [0.8123815540113708, 0.8212255211623499, 0.8970309538850284, 0.901452937460518, 0.901452937460518, 0.8951358180669615, 0.9109286165508528, 0.9084017687934302, 0.9084017687934302, 0.9191408717624763, 0.8982943777637398, 0.8888186986734049, 0.9065066329753633, 0.9172457359444094, 0.9090334807327859, 0.9191408717624763, 0.9241945672773215, 0.9254579911560329, 0.9279848389134555, 0.9273531269740998, 0.9286165508528111, 0.9147188881869868, 0.9311433986102338, 0.9298799747315224, 0.9286165508528111, 0.9273531269740998, 0.9222994314592545, 0.9222994314592545, 0.9260897030953885, 0.9172457359444094, 0.9279848389134555, 0.9273531269740998, 0.9241945672773215, 0.9254579911560329, 0.9267214150347441, 0.9121920404295641, 0.9077700568540745, 0.9286165508528111, 0.9166140240050537, 0.9235628553379659, 0.917877447883765, 0.914087176247631, 0.9267214150347441, 0.9096651926721415, 0.9216677195198989, 0.9109286165508528, 0.9235628553379659, 0.9121920404295641, 0.9153506001263424, 0.9222994314592545], "test_micro_f1": [0.8123403787612915, 0.8206382393836975, 0.8974468111991882, 0.9018217921257019, 0.9009175896644592, 0.8951196670532227, 0.9105186462402344, 0.907566487789154, 0.9086968302726746, 0.9186436533927917, 0.8980185985565186, 0.8890957236289978, 0.9061436057090759, 0.917672872543335, 0.9088696837425232, 0.9197739362716675, 0.9234175682067871, 0.9257978796958923, 0.9280717968940735, 0.9278989434242249, 0.9286968111991882, 0.9151728749275208, 0.9314228892326355, 0.929946780204773, 0.9286968111991882, 0.9278989434242249, 0.9226728677749634, 0.9228989481925964, 0.9268749952316284, 0.9172207713127136, 0.9285238981246948, 0.9276728630065918, 0.9236436486244202, 0.9253457188606262, 0.927047848701477, 0.9124467968940735, 0.9080718159675598, 0.9289228320121765, 0.9163696765899658, 0.9239228367805481, 0.9178457260131836, 0.9140957593917847, 0.9268218278884888, 0.9092686176300049, 0.9213696718215942, 0.9105186462402344, 0.9241489171981812, 0.9117686152458191, 0.9153457283973694, 0.921994686126709],