{"train_loss": [0.8462904906043096, 0.7146794977563312, 0.6583515480525649, 0.6385516749209638, 0.6317662435000608, 0.626191298625239, 0.6232683642589758, 0.6209915995993383, 0.6207069297559379, 0.6213635565225387, 0.6187375135323055, 0.6208100562638855, 0.6153571871826671, 0.6147666345616053, 0.6130294255273078, 0.6121309017811102, 0.6089021440346408, 0.6023189324793196, 0.5950700485568831, 0.5928184375093906, 0.5838549497813519, 0.5824506270186673, 0.5829850956526841, 0.5759399180202089, 0.5756067052179837, 0.5743932552125937, 0.5736167408651905, 0.5708135257665345, 0.5708846672957383, 0.5703976350027269, 0.5689772656600911, 0.5704392464659304, 0.5691359621933388, 0.568471440010339, 0.568032843559194, 0.5700666318574135, 0.5709313218260964, 0.5689853720142107, 0.568701630370239, 0.5679282241474868, 0.5678188098345271, 0.5663733294948542, 0.5670441615297098, 0.566923265284621, 0.5650674012302882, 0.5665275408656963, 0.5648617098297171, 0.5645754974135895, 0.5633110739944067, 0.5658335522709534], "train_acc": [0.768999841997156, 0.8489492810870596, 0.8960341286143151, 0.9146784642123558, 0.9202085637541476, 0.9258966661399906, 0.9276346974245536, 0.9306367514615264, 0.9312687628377311, 0.9298467372412703, 0.9330067941222941, 0.9301627429293727, 0.9360088481592669, 0.9364828566914204, 0.93774687944383, 0.9391689050402907, 0.9415389477010586, 0.9497550955917207, 0.9563912150418707, 0.9586032548585874, 0.9674514141254542, 0.9690314425659662, 0.9683994311897615, 0.975509559172065, 0.975509559172065, 0.9767735819244746, 0.9775635961447307, 0.9805656501817033, 0.9808816558698057, 0.9813556644019592, 0.9826196871543688, 0.9810396587138569, 0.9823036814662663, 0.9829356928424712, 0.9834097013746247, 0.981197661557908, 0.9802496444936009, 0.9824616843103176, 0.981987675778164, 0.9835677042186759, 0.9832516985305736, 0.9851477326591879, 0.9843577184389319, 0.9843577184389319, 0.9862537525675462, 0.9846737241270342, 0.9864117554115974, 0.9868857639437509, 0.9881497866961605, 0.9856217411913415], "train_micro_f1": [0.7692010998725891, 0.8489547967910767, 0.8960139751434326, 0.914584219455719, 0.9201080203056335, 0.92592453956604, 0.9276071190834045, 0.9305785298347473, 0.93126380443573, 0.9298703670501709, 0.9329460859298706, 0.9301859140396118, 0.9359447956085205, 0.9364185929298401, 0.9376806020736694, 0.9391552805900574, 0.9415227174758911, 0.9497297406196594, 0.956385612487793, 0.9586219787597656, 0.9674603343009949, 0.9690115451812744, 0.9683533310890198, 0.9755094647407532, 0.975536584854126, 0.9767722487449646, 0.9775615334510803, 0.9805331826210022, 0.9808219075202942, 0.9813761115074158, 0.9826118350028992, 0.9810603857040405, 0.9822959899902344, 0.9829273223876953, 0.9834010004997253, 0.9812183380126953, 0.9802443981170654, 0.9824808835983276, 0.9819804430007935, 0.9835857152938843, 0.9832431077957153, 0.9851370453834534, 0.984375, 0.9843208193778992, 0.9862687587738037, 0.9846633076667786, 0.9863726496696472, 0.9869000315666199, 0.9881086945533752, 0.985637366771698], "train_macro_f1": [0.3035818636417389, 0.46394962072372437, 0.5644708871841431, 0.5883163809776306, 0.5974138975143433, 0.6038156747817993, 0.6074926257133484, 0.6091501116752625, 0.6111704707145691, 0.605362594127655, 0.6111606955528259, 0.6051715016365051, 0.6159681677818298, 0.6143103241920471, 0.6174919605255127, 0.6175851225852966, 0.623155415058136, 0.7005859613418579, 0.7835031151771545, 0.7965882420539856, 0.8476389646530151, 0.8464982509613037, 0.8446215391159058, 0.8835461735725403, 0.8712849617004395, 0.8834797739982605, 0.8833205699920654, 0.9057819843292236, 0.9081283211708069, 0.9043788313865662, 0.9161547422409058, 0.9153536558151245, 0.9121038913726807, 0.9099624752998352, 0.9081106185913086, 0.9062470197677612, 0.9018150568008423, 0.9089183211326599, 0.9031605124473572, 0.912020206451416, 0.9081068634986877, 0.9080246686935425, 0.9142019152641296, 0.9100667834281921, 0.929344117641449, 0.9071608185768127, 0.93328458070755, 0.9301522374153137, 0.9343469142913818, 0.9105052947998047], "test_loss": [0.728649441531694, 0.6652293833312699, 0.6524146552034669, 0.6603185726507359, 0.6547072301239284, 0.640684036838052, 0.6418746863071179, 0.6401815158765074, 0.6529991346224907, 0.6451024418380241, 0.648170493519615, 0.638669007161864, 0.6388098227774427, 0.6375290231093228, 0.6540105865864685, 0.6377929308259329, 0.6463829914527984, 0.6395689595069451, 0.6428234026316066, 0.6242150846569883, 0.6345526765060063, 0.6277980385365851, 0.6444440836102165, 0.6432959517194587, 0.6380597707295975, 0.6275959147054488, 0.6264273069813067, 0.6200485261120678, 0.6227649376878841, 0.6305782604428386, 0.6434006334405419, 0.6255920543673666, 0.6261800335919037, 0.6211821102147154, 0.6281281770292295, 0.6439173206150419, 0.6222369356465656, 0.6267910457756877, 0.6280934464231143, 0.6253906319356763, 0.6346655197709855, 0.6212400177650187, 0.62241663852976, 0.6231152833600023, 0.6201052525264887, 0.6315302080695416, 0.6314975158443801, 0.6191368376011346, 0.6362608267925092, 0.627473585867686], "test_acc": [0.833859759949463, 0.8951358180669615, 0.8982943777637398, 0.8900821225521163, 0.8951358180669615, 0.9102969046114971, 0.9102969046114971, 0.9102969046114971, 0.8982943777637398, 0.9052432090966519, 0.903348073278585, 0.9121920404295641, 0.9109286165508528, 0.9128237523689198, 0.8963992419456728, 0.9128237523689198, 0.9039797852179406, 0.9096651926721415, 0.9071383449147189, 0.9260897030953885, 0.9147188881869868, 0.9229311433986103, 0.9065066329753633, 0.9065066329753633, 0.9128237523689198, 0.9222994314592545, 0.9241945672773215, 0.9311433986102338, 0.9267214150347441, 0.9185091598231206, 0.9084017687934302, 0.9260897030953885, 0.9241945672773215, 0.930511686670878, 0.9229311433986103, 0.9071383449147189, 0.9292482627921668, 0.9241945672773215, 0.9222994314592545, 0.9260897030953885, 0.915982312065698, 0.9286165508528111, 0.9286165508528111, 0.9298799747315224, 0.9298799747315224, 0.9191408717624763, 0.9191408717624763, 0.9330385344283006, 0.9147188881869868, 0.9241945672773215], "test_micro_f1": [0.8347207307815552, 0.8935372233390808, 0.8975664973258972, 0.8894414901733398, 0.8953457474708557, 0.9094415307044983, 0.9101197123527527, 0.9107978343963623, 0.8984707593917847, 0.9057978391647339, 0.9025664925575256, 0.9117686152458191, 0.9107446670532227, 0.9123936295509338, 0.8952392935752869, 0.9130718111991882, 0.9040957689285278, 0.9101728796958923, 0.9067686200141907, 0.926196813583374, 0.9149467945098877, 0.9217153787612915, 0.9070478677749634, 0.906595766544342, 0.9126197099685669, 0.922220766544342, 0.9238696694374084, 0.9309707283973694, 0.927047848701477, 0.9189228415489197, 0.9080186486244202, 0.926196813583374, 0.9240957498550415, 0.9307978749275208, 0.9232978820800781, 0.9076728820800781, 0.9297739267349243, 0.9245478510856628, 0.9215425848960876, 0.9268749952316284, 0.9161968231201172, 0.9291489124298096, 0.9286968111991882, 0.9290425777435303, 0.9294946789741516, 0.9193217754364014, 0.91886967420578, 0.9330717921257019, 0.9147207140922546, 0.9236436486244202],