{"train_loss": [0.8161023070243772, 0.730579600070095, 0.6692428058744664, 0.651405221573228, 0.641695896856667, 0.6359156640074343, 0.6346720430801633, 0.6321223342300007, 0.6245076734414314, 0.6226997651615345, 0.6163970017568782, 0.6119664370081289, 0.6020518966922076, 0.5965577303694594, 0.5947866142314086, 0.5910766321461166, 0.5882442192474536, 0.5860890389844918, 0.5848182967572175, 0.5814312537391899, 0.582290919061746, 0.5815464814121001, 0.5763137189579869, 0.5759024809446167, 0.5770999207788968, 0.5763778482065097, 0.5755618532078021, 0.5755925489782929, 0.5717866519443381, 0.5720114089109487, 0.5752642424981691, 0.5725542551101074, 0.5734479449186718, 0.5700986053653946, 0.5739846000797207, 0.5771577971432518, 0.5742393044578575, 0.571589649938486, 0.5680687331177646, 0.5700826975741381, 0.5758152876839778, 0.568647839189009, 0.5690819264626047, 0.5712342673539174, 0.5723234497741757, 0.5695730250185748, 0.5698548401206341, 0.5737019598079078, 0.5664064533282163, 0.5678786707632649], "train_acc": [0.7882761889714015, 0.8347290251224522, 0.8933480802654448, 0.9075683362300522, 0.914836467056407, 0.9191025438457893, 0.9186285353136356, 0.9208405751303523, 0.9284247116448096, 0.9290567230210144, 0.9344288197187549, 0.9416969505451098, 0.9522831410965398, 0.9563912150418707, 0.9579712434823827, 0.9616053088955602, 0.9638173487122769, 0.9657133828408911, 0.9666613999051983, 0.9707694738505294, 0.968873439721915, 0.970453468162427, 0.975351556328014, 0.9761415705482699, 0.9744035392637067, 0.9750355506399115, 0.9759835677042187, 0.9761415705482699, 0.9796176331173961, 0.9796176331173961, 0.9762995733923211, 0.9788276188971401, 0.9780376046768842, 0.9815136672460104, 0.9772475904566282, 0.9747195449518091, 0.9774055933006794, 0.9799336388054986, 0.9837257070627271, 0.9813556644019592, 0.9756675620161163, 0.98277768999842, 0.9823036814662663, 0.9800916416495496, 0.9791436245852425, 0.9818296729341128, 0.9815136672460104, 0.9777215989887817, 0.9849897298151367, 0.9834097013746247], "train_micro_f1": [0.7882891297340393, 0.8347348570823669, 0.8933775424957275, 0.9076262712478638, 0.9149305820465088, 0.9189267158508301, 0.9185858964920044, 0.9207955002784729, 0.9283270239830017, 0.9290025234222412, 0.9343687295913696, 0.9416288137435913, 0.95229172706604, 0.9563509821891785, 0.9579735398292542, 0.961603581905365, 0.9638131856918335, 0.9656628966331482, 0.9665656685829163, 0.9708017706871033, 0.9689078330993652, 0.9704861044883728, 0.9753788113594055, 0.9761679172515869, 0.9744318127632141, 0.9749747514724731, 0.9760100841522217, 0.9761679172515869, 0.9796401262283325, 0.9796401262283325, 0.9763257503509521, 0.9788510203361511, 0.9780176877975464, 0.9815340638160706, 0.9771843552589417, 0.974703311920166, 0.9774305820465088, 0.9799116253852844, 0.9837436676025391, 0.9813762903213501, 0.9756503105163574, 0.9827525615692139, 0.9822790622711182, 0.9801136255264282, 0.979122519493103, 0.981849730014801, 0.9815340638160706, 0.9777020812034607, 0.9850063323974609, 0.9834280014038086], "train_macro_f1": [0.2943529784679413, 0.4101070761680603, 0.5483106374740601, 0.5655522346496582, 0.5786722302436829, 0.5889186859130859, 0.5845399498939514, 0.587943434715271, 0.5989240407943726, 0.6033980846405029, 0.6123043894767761, 0.6842427253723145, 0.7594677209854126, 0.7852546572685242, 0.7829608917236328, 0.8026922941207886, 0.7993930578231812, 0.8275262117385864, 0.8302780985832214, 0.8269802927970886, 0.8328777551651001, 0.8329693675041199, 0.8540496230125427, 0.851714551448822, 0.8521957993507385, 0.8579885959625244, 0.8510521054267883, 0.8506293892860413, 0.8640223741531372, 0.8529412746429443, 0.852695882320404, 0.8679019808769226, 0.8405922055244446, 0.8648091554641724, 0.857144296169281, 0.8413792848587036, 0.8666831254959106, 0.8666303157806396, 0.8775853514671326, 0.8722854256629944, 0.8541678190231323, 0.8759192228317261, 0.8597543239593506, 0.8626343011856079, 0.8632451295852661, 0.871451735496521, 0.8750272989273071, 0.859889030456543, 0.8730471134185791, 0.8752490878105164], "test_loss": [0.7746315389137365, 0.6841934697204802, 0.6563855278213342, 0.6484447971824144, 0.650212389076351, 0.6438222014294044, 0.660344862516214, 0.6418106836453316, 0.6460898787781022, 0.6432016344666858, 0.641167756242987, 0.6340707598497652, 0.6273616417931818, 0.636811436013338, 0.6320849274881114, 0.6331824637332899, 0.6306021990312177, 0.6247355720323622, 0.6294935116719688, 0.6310794772186087, 0.6274809874994275, 0.6312591161294143, 0.6278232128953, 0.6350891457956498, 0.6284888434922176, 0.6325601774608494, 0.6332057071726155, 0.6315844341764252, 0.6309894157675949, 0.6297802022944804, 0.634310869988353, 0.6251894489015422, 0.6240077771044048, 0.6230011774781228, 0.6409780804446733, 0.6321715880102999, 0.6239106804979653, 0.6249013409837468, 0.6301323736459488, 0.6193164715417487, 0.6228289366973327, 0.6337618488566603, 0.6385570967491111, 0.6229597713024045, 0.6291911241681382, 0.622704846830362, 0.6289504740483687, 0.6258890434525394, 0.6259054921506254, 0.6271520329666379], "test_acc": [0.7890082122552117, 0.8825015792798484, 0.9039797852179406, 0.9065066329753633, 0.9046114971572963, 0.9109286165508528, 0.8919772583701832, 0.9115603284902085, 0.9046114971572963, 0.9090334807327859, 0.9071383449147189, 0.915982312065698, 0.9248262792166771, 0.9153506001263424, 0.9191408717624763, 0.9172457359444094, 0.919772583701832, 0.9254579911560329, 0.9216677195198989, 0.919772583701832, 0.9241945672773215, 0.9191408717624763, 0.9222994314592545, 0.915982312065698, 0.9222994314592545, 0.9191408717624763, 0.9166140240050537, 0.9191408717624763, 0.9204042956411876, 0.9210360075805433, 0.9153506001263424, 0.9254579911560329, 0.9267214150347441, 0.9292482627921668, 0.9090334807327859, 0.9191408717624763, 0.9273531269740998, 0.9260897030953885, 0.9204042956411876, 0.932406822488945, 0.9279848389134555, 0.9166140240050537, 0.9121920404295641, 0.9286165508528111, 0.9216677195198989, 0.9286165508528111, 0.9222994314592545, 0.9254579911560329, 0.9241945672773215, 0.9241945672773215], "test_micro_f1": [0.7894415259361267, 0.8821675777435303, 0.9040957689285278, 0.906595766544342, 0.9044947028160095, 0.9105186462402344, 0.8915425539016724, 0.9111436009407043, 0.9035903811454773, 0.9097739458084106, 0.9074468016624451, 0.9161968231201172, 0.9251728653907776, 0.914667546749115, 0.9190957546234131, 0.9172207713127136, 0.9190425872802734, 0.9257978796958923, 0.9218217730522156, 0.9199467897415161, 0.9240957498550415, 0.9195478558540344, 0.921994686126709, 0.9161968231201172, 0.921994686126709, 0.9190957546234131, 0.9165957570075989, 0.9186436533927917, 0.9203457236289978, 0.9211968183517456, 0.9157978892326355, 0.9246675372123718, 0.9263696670532227, 0.9288696646690369, 0.9088696837425232, 0.9197739362716675, 0.9269946813583374, 0.9268749952316284, 0.9201197028160095, 0.9322207570075989, 0.9273936152458191, 0.9165957570075989, 0.9113165140151978, 0.9291489124298096, 0.9218217730522156, 0.9277925491333008, 0.9224467873573303, 0.9248936176300049, 0.9234175682067871, 0.9245478510856628],