{"train_loss": [0.812817777497148, 0.6882833911920916, 0.6560990849195225, 0.6430620606391233, 0.6368523390395963, 0.6282183249653337, 0.6271536790527877, 0.6217799801682574, 0.6187493377602822, 0.6114559444908019, 0.6033341391219557, 0.6015373512568076, 0.5947736887160325, 0.5939711611556072, 0.5909224549709554, 0.5916273764833905, 0.5899059346434553, 0.5889021076943604, 0.5837687341348314, 0.5844771661903833, 0.58441560546036, 0.5803743343271149, 0.583559473245738, 0.5800690674578377, 0.5796457066187871, 0.5770751103384458, 0.5773502583280712, 0.5761952169002901, 0.5802025754298431, 0.576600537111379, 0.5744033991716017, 0.5777374653101232, 0.5753154327263292, 0.5740179823066107, 0.5731090651076068, 0.5750839988999616, 0.574819404567695, 0.5730172927994772, 0.5781896289801179, 0.5760255325723926, 0.5718788754546373, 0.5715971088066619, 0.5697615208887983, 0.5712184111716755, 0.573926996169525, 0.5752519203656318, 0.5718691919271481, 0.5702724974195734, 0.5698314532978987, 0.5702410182185903], "train_acc": [0.8009164164954969, 0.8709116764101754, 0.8976141570548269, 0.9093063675146152, 0.9145204613683047, 0.9227366092589666, 0.9222626007268131, 0.9273186917364512, 0.9303207457734239, 0.9412229420129562, 0.9483330699952599, 0.9497550955917207, 0.9571812292621267, 0.9576552377942803, 0.9601832832990994, 0.9593932690788434, 0.961447306051509, 0.9620793174277137, 0.968083425501659, 0.9668194027492495, 0.9665033970611471, 0.9710854795386317, 0.9676094169695054, 0.9709274766945805, 0.9715594880707853, 0.9742455364196555, 0.9740875335756044, 0.9751935534839627, 0.9709274766945805, 0.9747195449518091, 0.977089587612577, 0.9732975193553484, 0.9758255648601675, 0.9775635961447307, 0.9783536103649866, 0.9761415705482699, 0.9762995733923211, 0.9783536103649866, 0.9731395165112972, 0.975509559172065, 0.9791436245852425, 0.9800916416495496, 0.9815136672460104, 0.9799336388054986, 0.9774055933006794, 0.9756675620161163, 0.9794596302733449, 0.9810396587138569, 0.9813556644019592, 0.981197661557908], "train_micro_f1": [0.8008711934089661, 0.8708775043487549, 0.8976388573646545, 0.9093181490898132, 0.9144823551177979, 0.9227336049079895, 0.9222601056098938, 0.9272664189338684, 0.9301767945289612, 0.9411994814872742, 0.9483017325401306, 0.9498106241226196, 0.957184374332428, 0.9577020406723022, 0.9601388573646545, 0.9593939781188965, 0.9613573551177979, 0.9621211886405945, 0.9680302739143372, 0.9668118953704834, 0.9665403962135315, 0.9711174368858337, 0.9676010608673096, 0.9709154367446899, 0.9715909361839294, 0.9742739796638489, 0.9740719795227051, 0.9751768112182617, 0.9708712100982666, 0.9747474789619446, 0.9771149158477783, 0.9732828736305237, 0.9758080840110779, 0.9775442481040955, 0.9783775210380554, 0.9761237502098083, 0.9763257503509521, 0.9782891273498535, 0.973169207572937, 0.9754482507705688, 0.9791666865348816, 0.9801136255264282, 0.9815340638160706, 0.9799116253852844, 0.9773864150047302, 0.9756944179534912, 0.9794822931289673, 0.9810606241226196, 0.9813321232795715, 0.9812184572219849], "train_macro_f1": [0.3125045597553253, 0.5045003294944763, 0.5558022260665894, 0.5737980008125305, 0.5781023502349854, 0.5926035046577454, 0.5944145917892456, 0.6002230644226074, 0.6191350817680359, 0.7014306783676147, 0.7497523427009583, 0.7705754041671753, 0.7746952772140503, 0.7854354381561279, 0.8132075071334839, 0.8119056820869446, 0.8211193084716797, 0.8235207796096802, 0.833560049533844, 0.8317527174949646, 0.8242524266242981, 0.8432269096374512, 0.8256336450576782, 0.8440990447998047, 0.8378734588623047, 0.8472351431846619, 0.8450527191162109, 0.8504147529602051, 0.8456618785858154, 0.8575913906097412, 0.8560488224029541, 0.8614622950553894, 0.8660622835159302, 0.8670790195465088, 0.871541440486908, 0.8590976595878601, 0.8594589829444885, 0.8548194169998169, 0.8526111841201782, 0.8619152903556824, 0.8757936954498291, 0.8556585311889648, 0.870482861995697, 0.8726272583007812, 0.8618318438529968, 0.8538072109222412, 0.8553285598754883, 0.8752322196960449, 0.8934234380722046, 0.8718366622924805], "test_loss": [0.7366360462095943, 0.6648401361587148, 0.6552112795323115, 0.6473242251163634, 0.6517674369444518, 0.6392420401169542, 0.6500838141010595, 0.6394024900974387, 0.6387314139026972, 0.6367890349838151, 0.6308498509835384, 0.6346448219733681, 0.6302002253821585, 0.6326994574378731, 0.6410134478377453, 0.6305122444769738, 0.7034355978459703, 0.6308654454111375, 0.6292928713300299, 0.6297520675466397, 0.6342650147758552, 0.6344627341513233, 0.6362069016081279, 0.6346900572297849, 0.6350981377757055, 0.6297077844584207, 0.630621719759473, 0.6312437046199227, 0.6362336609307829, 0.6365537356140488, 0.6355576594645511, 0.6280818024693753, 0.6278588915277867, 0.6277929390824752, 0.6345051017578689, 0.6300459886681634, 0.6287034620458539, 0.6322384646853088, 0.6328509420212959, 0.6365639211554657, 0.6321049539333495, 0.6298067667630377, 0.6316623473122236, 0.6313800847161366, 0.6292207453421076, 0.6260797088460989, 0.6245814155191842, 0.6295546920557076, 0.630106701213803, 0.6337474627880378], "test_acc": [0.8307012002526848, 0.8907138344914719, 0.897662665824384, 0.9039797852179406, 0.8970309538850284, 0.9109286165508528, 0.8963992419456728, 0.9102969046114971, 0.9096651926721415, 0.9147188881869868, 0.9204042956411876, 0.9166140240050537, 0.9210360075805433, 0.9172457359444094, 0.9102969046114971, 0.9191408717624763, 0.8452305748578648, 0.919772583701832, 0.9222994314592545, 0.9210360075805433, 0.9172457359444094, 0.915982312065698, 0.9134554643082754, 0.9172457359444094, 0.9147188881869868, 0.9210360075805433, 0.9216677195198989, 0.919772583701832, 0.914087176247631, 0.914087176247631, 0.914087176247631, 0.9216677195198989, 0.9235628553379659, 0.9229311433986103, 0.915982312065698, 0.9210360075805433, 0.9235628553379659, 0.9185091598231206, 0.9172457359444094, 0.9134554643082754, 0.9185091598231206, 0.9216677195198989, 0.9185091598231206, 0.9191408717624763, 0.9222994314592545, 0.9241945672773215, 0.9267214150347441, 0.9210360075805433, 0.919772583701832, 0.9166140240050537], "test_micro_f1": [0.8295611143112183, 0.8911967873573303, 0.8982978463172913, 0.9038696885108948, 0.8960903882980347, 0.911422848701477, 0.8965957164764404, 0.910345733165741, 0.9097207188606262, 0.9144946932792664, 0.9196675419807434, 0.9159175753593445, 0.9214228391647339, 0.9178988933563232, 0.910345733165741, 0.9195478558540344, 0.8457446694374084, 0.9192686080932617, 0.9226728677749634, 0.9209707379341125, 0.9172207713127136, 0.9157446622848511, 0.9132446646690369, 0.9172207713127136, 0.9144946932792664, 0.9214228391647339, 0.921143651008606, 0.9203988909721375, 0.9138696789741516, 0.9140957593917847, 0.914547860622406, 0.9215957522392273, 0.9234707355499268, 0.9232978820800781, 0.9159707427024841, 0.9211968183517456, 0.9232446551322937, 0.9186968207359314, 0.9178988933563232, 0.913696825504303, 0.9182446599006653, 0.9215957522392273, 0.9186968207359314, 0.9184175729751587, 0.9224467873573303, 0.9234175682067871, 0.9261436462402344, 0.9207446575164795, 0.9190425872802734, 0.9165957570075989],