{"train_loss": [0.9235360976134945, 0.7466530412233051, 0.674030362476687, 0.6553553986048356, 0.6432779319931647, 0.636439886443855, 0.6325107176903959, 0.625605987831962, 0.6197657419486641, 0.6150334081598547, 0.6098170355892347, 0.6014085085607852, 0.5982657499478352, 0.5926923394052502, 0.5873203529793988, 0.5852137075572015, 0.5848798579392905, 0.5834077283714145, 0.5836373680781971, 0.5774900551316184, 0.5783108020020917, 0.5788530076749895, 0.5731380624423793, 0.5786166536165727, 0.5840637635838121, 0.5750815335712381, 0.5733370912698494, 0.5727670200911907, 0.5705875929996552, 0.5705064008503018, 0.5714882180897578, 0.5689530837571646, 0.5678951029604995, 0.5712136974416085, 0.570329649732056, 0.5718623841424786, 0.5713355777236895, 0.5702890000894824, 0.5699296813381097, 0.5674214894821679, 0.5662224913946843, 0.5672452155495353, 0.5652726449791639, 0.5662789203239516, 0.5645459231879779, 0.5681525917674037, 0.565754565672393, 0.5663765246861729, 0.5687317165516247, 0.5702014763710491], "train_acc": [0.731395165112972, 0.8593774687944383, 0.9045662821930794, 0.9104123874229736, 0.9175225154052773, 0.9211565808184548, 0.9227366092589666, 0.9285827144888608, 0.9322167799020382, 0.938536893664086, 0.9461210301785432, 0.9548111866013588, 0.956549217885922, 0.9617633117396113, 0.9661873913730448, 0.9676094169695054, 0.968083425501659, 0.9698214567862221, 0.9683994311897615, 0.9748775477958603, 0.973771527887502, 0.9736135250434508, 0.9791436245852425, 0.9736135250434508, 0.9674514141254542, 0.9767735819244746, 0.9788276188971401, 0.9788276188971401, 0.9815136672460104, 0.981197661557908, 0.9799336388054986, 0.9826196871543688, 0.9840417127508295, 0.9800916416495496, 0.9815136672460104, 0.9794596302733449, 0.9797756359614473, 0.9810396587138569, 0.9815136672460104, 0.9841997155948807, 0.9856217411913415, 0.9838837099067783, 0.9862537525675462, 0.9854637383472903, 0.9868857639437509, 0.9832516985305736, 0.9857797440353926, 0.9851477326591879, 0.98277768999842, 0.9810396587138569], "train_micro_f1": [0.7313826084136963, 0.8593560457229614, 0.9044949412345886, 0.910334587097168, 0.9175694584846497, 0.9211995005607605, 0.9226894378662109, 0.9285290837287903, 0.9321148991584778, 0.93851637840271, 0.9461805820465088, 0.9548169374465942, 0.9565972089767456, 0.9617614150047302, 0.9660921692848206, 0.9676452279090881, 0.9681186676025391, 0.9698106646537781, 0.9684343338012695, 0.9749053120613098, 0.9737563729286194, 0.9735985398292542, 0.9790782928466797, 0.9736426472663879, 0.967399001121521, 0.9767550826072693, 0.9788068532943726, 0.9788510203361511, 0.9815340638160706, 0.9812184572219849, 0.9799116253852844, 0.9826388955116272, 0.9840593338012695, 0.9801136255264282, 0.9814899563789368, 0.9794822931289673, 0.9797979593276978, 0.9809722304344177, 0.9815340638160706, 0.9842171669006348, 0.9856376051902771, 0.9839015007019043, 0.986268937587738, 0.9854356646537781, 0.986900269985199, 0.9832260608673096, 0.9857954382896423, 0.9851199984550476, 0.9827083349227905, 0.9810164570808411], "train_macro_f1": [0.2794298827648163, 0.46942269802093506, 0.5654371976852417, 0.5758031010627747, 0.5828841328620911, 0.5905157327651978, 0.5928764939308167, 0.601132333278656, 0.6068573594093323, 0.6458162069320679, 0.7126673460006714, 0.7700965404510498, 0.7947231531143188, 0.8065170049667358, 0.82817542552948, 0.8169664144515991, 0.8154186010360718, 0.846446692943573, 0.8283772468566895, 0.849983811378479, 0.8405255675315857, 0.8300662636756897, 0.8512653112411499, 0.8444042801856995, 0.8445197939872742, 0.851463794708252, 0.8643203377723694, 0.8761115074157715, 0.8690232038497925, 0.8601034879684448, 0.868010401725769, 0.8799048662185669, 0.86353600025177, 0.8673840165138245, 0.857489287853241, 0.871632993221283, 0.8582990169525146, 0.8797163367271423, 0.8706905245780945, 0.8852236866950989, 0.882565975189209, 0.8891448378562927, 0.8896961212158203, 0.9004971981048584, 0.8844310641288757, 0.8812800049781799, 0.8813309073448181, 0.8821772336959839, 0.874017059803009, 0.8805323839187622], "test_loss": [0.8107824630927075, 0.691680778488658, 0.6625845540722035, 0.656996137909097, 0.6509630906002023, 0.6434223176329029, 0.6456643195372176, 0.6423906379685851, 0.6390444399884285, 0.6364616786688095, 0.63372805705194, 0.6339019423260089, 0.6262879065524455, 0.6267184739389979, 0.6222612538897984, 0.6357140997807135, 0.6237515727327507, 0.6361955937824141, 0.6187606546898394, 0.6196904904241436, 0.6584055643253363, 0.6167560733351162, 0.6281382046541081, 0.6282341901968344, 0.6258206941323874, 0.6190368815908234, 0.6510048483040087, 0.6291156559147115, 0.6221898530603434, 0.6235975913435164, 0.6269072088650036, 0.6186333764073824, 0.6245229982230306, 0.6228249279743346, 0.6237378464947, 0.6221684053286072, 0.6220825992651703, 0.6272402227640302, 0.6166130923351305, 0.6169056922893922, 0.6384499159630386, 0.62289344733528, 0.6240054127993797, 0.6224739215303206, 0.6191893657475277, 0.6303922643559083, 0.6201793872624806, 0.6304200779239513, 0.6753904960310617, 0.6261695957379634], "test_acc": [0.7890082122552117, 0.8970309538850284, 0.9065066329753633, 0.9039797852179406, 0.9077700568540745, 0.9115603284902085, 0.9077700568540745, 0.9065066329753633, 0.9134554643082754, 0.9134554643082754, 0.9191408717624763, 0.9210360075805433, 0.9260897030953885, 0.9248262792166771, 0.9292482627921668, 0.914087176247631, 0.9279848389134555, 0.9147188881869868, 0.9330385344283006, 0.9298799747315224, 0.8888186986734049, 0.9336702463676564, 0.9216677195198989, 0.9235628553379659, 0.9267214150347441, 0.932406822488945, 0.8989260897030954, 0.9216677195198989, 0.9286165508528111, 0.9273531269740998, 0.9235628553379659, 0.9330385344283006, 0.9260897030953885, 0.9273531269740998, 0.9260897030953885, 0.9273531269740998, 0.9292482627921668, 0.9235628553379659, 0.934301958307012, 0.934301958307012, 0.9128237523689198, 0.9273531269740998, 0.9260897030953885, 0.9279848389134555, 0.930511686670878, 0.919772583701832, 0.930511686670878, 0.9204042956411876, 0.8736576121288693, 0.9248262792166771], "test_micro_f1": [0.789667546749115, 0.8965425491333008, 0.9056915044784546, 0.9043217897415161, 0.9076196551322937, 0.9113696813583374, 0.9076196551322937, 0.9070478677749634, 0.9143750071525574, 0.9141489267349243, 0.9186436533927917, 0.9207446575164795, 0.9255186319351196, 0.9253989458084106, 0.9288696646690369, 0.9147739410400391, 0.9280717968940735, 0.914042592048645, 0.9326196908950806, 0.9294946789741516, 0.8888697028160095, 0.9339228868484497, 0.9209175705909729, 0.9236968159675598, 0.927047848701477, 0.9319946765899658, 0.8986436128616333, 0.9218217730522156, 0.9289228320121765, 0.9267686009407043, 0.9241489171981812, 0.9330717921257019, 0.926196813583374, 0.9269946813583374, 0.9257447123527527, 0.9274467825889587, 0.9297739267349243, 0.9241489171981812, 0.9345478415489197, 0.933643639087677, 0.9130718111991882, 0.9278989434242249, 0.9266489148139954, 0.9280717968940735, 0.9305717945098877, 0.9199467897415161, 0.9303457140922546, 0.9205718040466309, 0.8745478391647339, 0.9251728653907776],