{"train_loss": [0.820405688062063, 0.7092092265486059, 0.6642433274016408, 0.6473496462575895, 0.6408613086839219, 0.6337258894403204, 0.6295874617472327, 0.6313611661997955, 0.626564243512614, 0.6203653374014354, 0.618713324801544, 0.613431822021796, 0.6046813299991561, 0.6005995685426258, 0.5945126781212735, 0.5883796502956565, 0.5856475383773161, 0.5849804343215134, 0.5853078624312771, 0.5842072743811225, 0.5847622421157362, 0.5851920575944144, 0.5794408378451897, 0.5842584331447356, 0.5754321569099794, 0.5797758387961759, 0.5762328010709916, 0.5754627171973893, 0.5763173002280562, 0.5781170170272125, 0.5836179596229948, 0.5784927926313672, 0.5743762922712667, 0.5745684672332446, 0.5709917225870105, 0.5708575327638616, 0.5707883808280944, 0.5712180334652632, 0.5676115524488182, 0.5678880400031565, 0.568461096998752, 0.5686327311867955, 0.5704732115073949, 0.569926402828369, 0.5700284671512218, 0.5706391528350028, 0.5713633346810012, 0.5675725022242295, 0.5695187718707401, 0.5722931939046103], "train_acc": [0.7912782430083741, 0.8645915626481276, 0.8999841997155948, 0.9130984357718439, 0.916416495496919, 0.9208405751303523, 0.9258966661399906, 0.9216305893506083, 0.9262126718280929, 0.932848791278243, 0.9331647969663454, 0.9382208879759836, 0.9491230842155158, 0.9507031126560278, 0.9574972349502291, 0.9641333544003792, 0.9672934112814031, 0.9669774055933007, 0.9665033970611471, 0.9677674198135566, 0.9666613999051983, 0.9666613999051983, 0.9718754937588877, 0.9671354084373519, 0.9762995733923211, 0.9718754937588877, 0.9751935534839627, 0.9764575762363723, 0.975351556328014, 0.973771527887502, 0.9676094169695054, 0.9731395165112972, 0.9772475904566282, 0.9769315847685258, 0.9802496444936009, 0.9808816558698057, 0.9807236530257545, 0.9802496444936009, 0.9838837099067783, 0.9837257070627271, 0.9830936956865224, 0.98277768999842, 0.9810396587138569, 0.9816716700900616, 0.9816716700900616, 0.9804076473376521, 0.9799336388054986, 0.9838837099067783, 0.9816716700900616, 0.9791436245852425], "train_micro_f1": [0.7913762927055359, 0.8646969795227051, 0.9000062942504883, 0.9130619168281555, 0.9164204597473145, 0.9207955002784729, 0.9258901476860046, 0.9216287732124329, 0.926294207572937, 0.9328345656394958, 0.9331944584846497, 0.9382449984550476, 0.9491351246833801, 0.9507133960723877, 0.9574116468429565, 0.9641287922859192, 0.9672853946685791, 0.9669255018234253, 0.9664962291717529, 0.9677588939666748, 0.9666098356246948, 0.9666098356246948, 0.9719065427780151, 0.9671717286109924, 0.9763257503509521, 0.9718624353408813, 0.9752209782600403, 0.9764835834503174, 0.9753788113594055, 0.9737563729286194, 0.9676010608673096, 0.973169207572937, 0.9772727489471436, 0.9769570827484131, 0.9802714586257935, 0.9808143973350525, 0.9806565642356873, 0.9802714586257935, 0.9838573336601257, 0.9836995005607605, 0.9830682277679443, 0.9827525615692139, 0.9810606241226196, 0.981647789478302, 0.9816918969154358, 0.9804292917251587, 0.979955792427063, 0.9839015007019043, 0.981647789478302, 0.9791666865348816], "train_macro_f1": [0.29667016863822937, 0.4894270896911621, 0.5625321269035339, 0.576228141784668, 0.5854272246360779, 0.5867794156074524, 0.595635175704956, 0.5902861952781677, 0.5998257994651794, 0.6056174635887146, 0.6093094348907471, 0.6264092922210693, 0.7139208912849426, 0.764411985874176, 0.7856929898262024, 0.8060778379440308, 0.8115040063858032, 0.8227343559265137, 0.8215093612670898, 0.8201378583908081, 0.8237769603729248, 0.8318487405776978, 0.8455210328102112, 0.8345423340797424, 0.8402383327484131, 0.8526767492294312, 0.8511351943016052, 0.8602628707885742, 0.8640515208244324, 0.8448045253753662, 0.8325251340866089, 0.8553111553192139, 0.8584174513816833, 0.8569638729095459, 0.8680498600006104, 0.8737162351608276, 0.86008620262146, 0.8793243765830994, 0.8685725331306458, 0.8787215352058411, 0.8704321980476379, 0.8790790438652039, 0.8554651141166687, 0.8671074509620667, 0.8646530508995056, 0.8535593152046204, 0.873788058757782, 0.8679068684577942, 0.8584161400794983, 0.8577514886856079], "test_loss": [0.7515033209768188, 0.6788357524501321, 0.6600990131619755, 0.6510992900374865, 0.6497221317987086, 0.6465265522331508, 0.6495654565656931, 0.6551301953013908, 0.6412376924473804, 0.6394487509076835, 0.6438590686907139, 0.6430085656090169, 0.6423190744406652, 0.6345941025248375, 0.6318116525796419, 0.6265829180662044, 0.6273371814100033, 0.6332312764356351, 0.6337963680037199, 0.630277684460843, 0.6319890609664097, 0.6286573326068066, 0.6323952898524339, 0.6283378496398974, 0.6310065540797486, 0.6241635298021068, 0.6317960902700226, 0.6264351711044264, 0.6255901027011932, 0.6306250645100732, 0.6289666444910378, 0.6220346119911401, 0.6273919220446637, 0.6237467202444432, 0.6242993975167627, 0.6270608878632701, 0.6374382810433002, 0.6264079142731349, 0.6295652426049744, 0.6276859106026491, 0.6293516050617076, 0.6282880419579323, 0.632368551351869, 0.6294274314701445, 0.6279829488625951, 0.6405580386811243, 0.6244144036810532, 0.6249895994978018, 0.6294824322867981, 0.6310309509423738], "test_acc": [0.8218572331017057, 0.8894504106127605, 0.899557801642451, 0.9058749210360075, 0.9039797852179406, 0.9077700568540745, 0.9039797852179406, 0.8970309538850284, 0.9102969046114971, 0.9115603284902085, 0.9046114971572963, 0.9077700568540745, 0.9084017687934302, 0.9166140240050537, 0.9204042956411876, 0.9248262792166771, 0.9235628553379659, 0.9172457359444094, 0.9166140240050537, 0.9216677195198989, 0.917877447883765, 0.9222994314592545, 0.917877447883765, 0.9222994314592545, 0.919772583701832, 0.9267214150347441, 0.9185091598231206, 0.9235628553379659, 0.9254579911560329, 0.919772583701832, 0.9229311433986103, 0.9286165508528111, 0.9235628553379659, 0.9279848389134555, 0.9273531269740998, 0.9235628553379659, 0.9134554643082754, 0.9235628553379659, 0.9210360075805433, 0.9235628553379659, 0.9204042956411876, 0.9235628553379659, 0.917877447883765, 0.9222994314592545, 0.9229311433986103, 0.9102969046114971, 0.9260897030953885, 0.9260897030953885, 0.9210360075805433, 0.9204042956411876], "test_micro_f1": [0.8208111524581909, 0.8879122138023376, 0.8997207283973694, 0.9057446718215942, 0.9043217897415161, 0.9085239171981812, 0.9038696885108948, 0.8967686295509338, 0.9098936319351196, 0.9120478630065918, 0.9038165211677551, 0.9080718159675598, 0.9089228510856628, 0.9168217778205872, 0.9198936223983765, 0.9249467849731445, 0.9236968159675598, 0.917672872543335, 0.9168217778205872, 0.9215957522392273, 0.9178457260131836, 0.922220766544342, 0.9178457260131836, 0.922220766544342, 0.9197207689285278, 0.9268218278884888, 0.9189228415489197, 0.9243749976158142, 0.9257978796958923, 0.9201728701591492, 0.922845721244812, 0.9286968111991882, 0.9236968159675598, 0.9276196956634521, 0.9267686009407043, 0.9236968159675598, 0.9132446646690369, 0.9239228367805481, 0.9207446575164795, 0.9234707355499268, 0.9196675419807434, 0.9232446551322937, 0.9171675443649292, 0.9224467873573303, 0.9223936200141907, 0.9107978343963623, 0.9257447123527527, 0.9257447123527527, 0.9205186367034912, 0.9203457236289978],