{"train_loss": [0.8513906638869781, 0.7016469593069945, 0.6630397061353085, 0.6540544745593976, 0.6389678159319859, 0.631919261713807, 0.6280539315314556, 0.624964287117545, 0.61969846115046, 0.6198061500930696, 0.6128888439653721, 0.6127493099722559, 0.6160833847185582, 0.6038808205489733, 0.6046264419851003, 0.5988941454439107, 0.5982831644303691, 0.5958609885279649, 0.5906759226071663, 0.5888639768824832, 0.5862429400137541, 0.5864825811896924, 0.5865601711899282, 0.5893776515005211, 0.5847634843108137, 0.580690147865815, 0.5821492389247097, 0.5775614407865296, 0.5785081781167934, 0.5783054806700549, 0.5810167445995585, 0.575784330374446, 0.5759349802241429, 0.5746762156392334, 0.5732072748586378, 0.5761354148604516, 0.5723143311958777, 0.5730729571995831, 0.5702180701949092, 0.5724392024275439, 0.574368630950721, 0.5837073979699455, 0.5739098270652531, 0.577029928369608, 0.5811427338350477, 0.5791236189497009, 0.5719643682264984, 0.5700599193516492, 0.5683074976373649, 0.5676986333468379], "train_acc": [0.7465634381418865, 0.8559014062253121, 0.891926054668984, 0.8971401485226734, 0.9115184073313319, 0.9186285353136356, 0.9233686206351714, 0.9247906462316322, 0.9290567230210144, 0.9330067941222941, 0.9412229420129562, 0.9398009164164955, 0.9345868225628061, 0.9480170643071575, 0.9467530415547479, 0.9525991467846421, 0.9530731553167957, 0.95496918944541, 0.9608152946753041, 0.9627113288039185, 0.964765365776584, 0.9655553799968399, 0.9652393743087375, 0.961447306051509, 0.9665033970611471, 0.9707694738505294, 0.9687154368778638, 0.9734555221993996, 0.9729815136672461, 0.9728235108231948, 0.9701374624743245, 0.975509559172065, 0.975351556328014, 0.9762995733923211, 0.9783536103649866, 0.9750355506399115, 0.9791436245852425, 0.9785116132090378, 0.9810396587138569, 0.978669616053089, 0.9774055933006794, 0.9674514141254542, 0.9775635961447307, 0.9744035392637067, 0.9702954653183757, 0.9720334966029388, 0.9796176331173961, 0.9813556644019592, 0.9832516985305736, 0.9837257070627271], "train_micro_f1": [0.7464898824691772, 0.8559722304344177, 0.8919128775596619, 0.897209644317627, 0.9115719795227051, 0.9185858964920044, 0.9233648777008057, 0.924785315990448, 0.9290025234222412, 0.9329482316970825, 0.9412878751754761, 0.9398232698440552, 0.9345265626907349, 0.9479861259460449, 0.9466350674629211, 0.9526073336601257, 0.9530808329582214, 0.955018937587738, 0.9607260227203369, 0.9626641273498535, 0.9648042917251587, 0.9655492901802063, 0.9652336239814758, 0.9614015221595764, 0.9665403962135315, 0.9707576036453247, 0.96875, 0.9734848737716675, 0.9730113744735718, 0.9727651476860046, 0.9701262712478638, 0.9755366444587708, 0.975334644317627, 0.9762815833091736, 0.9783775210380554, 0.975063145160675, 0.9791666865348816, 0.9785353541374207, 0.9810164570808411, 0.9786931872367859, 0.9773421883583069, 0.9674873948097229, 0.9775883555412292, 0.9744318127632141, 0.9703282713890076, 0.9720202088356018, 0.9795517325401306, 0.9813762903213501, 0.9832702279090881, 0.9837436676025391], "train_macro_f1": [0.27778831124305725, 0.4699922502040863, 0.5412054061889648, 0.5564558506011963, 0.5791147947311401, 0.5861121416091919, 0.593636155128479, 0.5946604609489441, 0.6049875617027283, 0.6548372507095337, 0.707705557346344, 0.7282074689865112, 0.6974157691001892, 0.7589606642723083, 0.7497692704200745, 0.7790234684944153, 0.7885573506355286, 0.7875322103500366, 0.8158664107322693, 0.8031104207038879, 0.8066027164459229, 0.8294832706451416, 0.8129549622535706, 0.807136595249176, 0.8289957046508789, 0.8313117623329163, 0.8330244421958923, 0.8340361714363098, 0.8286925554275513, 0.8436603546142578, 0.8196053504943848, 0.8519968390464783, 0.8447752594947815, 0.8364881873130798, 0.8516523838043213, 0.8325340151786804, 0.8569828271865845, 0.8367724418640137, 0.8581142425537109, 0.8609016537666321, 0.8581412434577942, 0.8427985310554504, 0.8586599230766296, 0.848859429359436, 0.8435096144676208, 0.8366991877555847, 0.857207715511322, 0.8544893264770508, 0.8549465537071228, 0.8722068667411804], "test_loss": [0.7498706802490461, 0.6724917207499207, 0.655007038889094, 0.6495584449810238, 0.6483452384108919, 0.6474916098318142, 0.6417716018624947, 0.6599482833699042, 0.6372035007949728, 0.6361250299030817, 0.6387067789980225, 0.6454626570678706, 0.630796417208013, 0.6266308005896838, 0.6304706730423889, 0.6314037644403763, 0.6268736165833488, 0.6244469790314092, 0.6292558449472871, 0.6252216023880699, 0.6305847259465457, 0.6238959280283332, 0.6282437921172821, 0.6253506465569675, 0.6327905336739666, 0.623905380428854, 0.6334019520202921, 0.6275888084988765, 0.6275878108082432, 0.6265312911058933, 0.6271220240800801, 0.624958303406957, 0.6309595575682061, 0.6348314180226546, 0.6276872607626948, 0.6257802622271578, 0.6326250840197314, 0.6264064382015717, 0.6261989214114576, 0.6372326433244417, 0.6303446774835159, 0.6332074021585216, 0.630382661870666, 0.627390994990994, 0.6292407465222059, 0.6279710760164773, 0.6285133242456504, 0.6255516627884634, 0.6277751393583253, 0.6227782248547012], "test_acc": [0.7890082122552117, 0.881238155401137, 0.897662665824384, 0.901452937460518, 0.899557801642451, 0.903348073278585, 0.9102969046114971, 0.8894504106127605, 0.9128237523689198, 0.9172457359444094, 0.9121920404295641, 0.9052432090966519, 0.919772583701832, 0.9235628553379659, 0.9210360075805433, 0.919772583701832, 0.9241945672773215, 0.9260897030953885, 0.9216677195198989, 0.9260897030953885, 0.9185091598231206, 0.9267214150347441, 0.9222994314592545, 0.9260897030953885, 0.917877447883765, 0.9273531269740998, 0.917877447883765, 0.9229311433986103, 0.9235628553379659, 0.9222994314592545, 0.9248262792166771, 0.9260897030953885, 0.9204042956411876, 0.9147188881869868, 0.9216677195198989, 0.9248262792166771, 0.917877447883765, 0.9235628553379659, 0.9254579911560329, 0.9128237523689198, 0.919772583701832, 0.917877447883765, 0.9216677195198989, 0.9241945672773215, 0.9222994314592545, 0.9229311433986103, 0.9222994314592545, 0.9254579911560329, 0.9229311433986103, 0.9273531269740998], "test_micro_f1": [0.7885372042655945, 0.8813697099685669, 0.8973936438560486, 0.9015957713127136, 0.8994947075843811, 0.9027925729751587, 0.9107978343963623, 0.8892686367034912, 0.9128457307815552, 0.9172207713127136, 0.9124467968940735, 0.9051196575164795, 0.9194946885108948, 0.9234707355499268, 0.9207446575164795, 0.9199467897415161, 0.9243218302726746, 0.926196813583374, 0.9215957522392273, 0.9264228343963623, 0.918018639087677, 0.9265957474708557, 0.921994686126709, 0.925970733165741, 0.9182978868484497, 0.9272207617759705, 0.9182978868484497, 0.9219415187835693, 0.9236968159675598, 0.9217686057090759, 0.9249467849731445, 0.9257447123527527, 0.9203457236289978, 0.9144946932792664, 0.9218217730522156, 0.9251728653907776, 0.9178457260131836, 0.9239228367805481, 0.9257978796958923, 0.9123936295509338, 0.9197207689285278, 0.9178457260131836, 0.9218217730522156, 0.9240957498550415, 0.9231249690055847, 0.9230718016624451, 0.9224467873573303, 0.9257978796958923, 0.922845721244812, 0.9274467825889587],