{"train_loss": [0.7768630231701945, 0.6987653807603761, 0.6629402192683558, 0.64511446491164, 0.6373367978415607, 0.6330307117946002, 0.6275576849762797, 0.6278778507182489, 0.6237239339826683, 0.6148941012464026, 0.6065774813875954, 0.6043091088999578, 0.5949117241359319, 0.5911514534074787, 0.5841550448340513, 0.5828643015896771, 0.5788248054769145, 0.575526953704136, 0.5786528126533081, 0.5766961847762019, 0.5745721537084786, 0.5728907328888334, 0.5714552144733795, 0.5708374064913065, 0.5708980078493029, 0.5739631107735359, 0.5714063248865637, 0.5766704006959033, 0.568106811152832, 0.5686034676700543, 0.5680423086430529, 0.5674465285091156, 0.5666026502428584, 0.5680867037062661, 0.5690052379061024, 0.5664317543556725, 0.5676768073671744, 0.5701830345395053, 0.5648722787060846, 0.5647052803542832, 0.5641741925533545, 0.5636012725853434, 0.5634367871875917, 0.5666845462901989, 0.5637312599278717, 0.5679420063159989, 0.5680392272081736, 0.5666610396083525, 0.5634716213983201, 0.5619910302970587], "train_acc": [0.7866961605308895, 0.8535313635645442, 0.8873439721914994, 0.9053562964133355, 0.9137304471480486, 0.9175225154052773, 0.9235266234792227, 0.9221045978827619, 0.927950703112656, 0.9358508453152157, 0.9453310159582873, 0.9470690472428503, 0.955759203665666, 0.959867277610997, 0.9672934112814031, 0.9685574340338126, 0.9732975193553484, 0.9758255648601675, 0.9725075051350924, 0.9748775477958603, 0.9759835677042187, 0.978669616053089, 0.9800916416495496, 0.9804076473376521, 0.9800916416495496, 0.977089587612577, 0.9802496444936009, 0.9740875335756044, 0.9835677042186759, 0.9832516985305736, 0.9832516985305736, 0.9840417127508295, 0.9848317269710855, 0.9830936956865224, 0.9821456786222152, 0.9851477326591879, 0.9838837099067783, 0.981197661557908, 0.9862537525675462, 0.9870437667878021, 0.9873597724759046, 0.9879917838521093, 0.987675778164007, 0.9846737241270342, 0.9878337810080582, 0.9829356928424712, 0.9832516985305736, 0.9848317269710855, 0.9878337810080582, 0.98941380944857], "train_micro_f1": [0.7867108583450317, 0.853604793548584, 0.887380063533783, 0.9054608345031738, 0.913428008556366, 0.9175252318382263, 0.9235227108001709, 0.9221464991569519, 0.9280303120613098, 0.9359217286109924, 0.9453914165496826, 0.9470391273498535, 0.9557639360427856, 0.9598674774169922, 0.9672411680221558, 0.9685921669006348, 0.9733270406723022, 0.9758522510528564, 0.9724937081336975, 0.9748611450195312, 0.9759216904640198, 0.9786490201950073, 0.9800694584846497, 0.9804292917251587, 0.9799810647964478, 0.9770707488059998, 0.9802714586257935, 0.9741161465644836, 0.98354172706604, 0.9832260608673096, 0.9832260608673096, 0.984015166759491, 0.9848484992980957, 0.9829798340797424, 0.9821653962135315, 0.9851199984550476, 0.9838573336601257, 0.981130063533783, 0.986268937587738, 0.9870581030845642, 0.987285315990448, 0.9880050420761108, 0.9876893758773804, 0.9846022725105286, 0.9878472089767456, 0.9829545617103577, 0.9831818342208862, 0.9847601056098938, 0.9878472089767456, 0.9893813729286194], "train_macro_f1": [0.29655104875564575, 0.46887049078941345, 0.543492317199707, 0.5689929723739624, 0.5818544030189514, 0.5859300494194031, 0.5922874808311462, 0.5937520265579224, 0.6098438501358032, 0.6616482734680176, 0.7284834384918213, 0.7340884208679199, 0.7861024737358093, 0.8039182424545288, 0.8370445370674133, 0.8284751772880554, 0.8446747660636902, 0.8531832695007324, 0.8456904292106628, 0.8275798559188843, 0.8621150851249695, 0.875128984451294, 0.8552612066268921, 0.8750677108764648, 0.8653179407119751, 0.8671190738677979, 0.8802798986434937, 0.8643117547035217, 0.8800532221794128, 0.8739066123962402, 0.8798739314079285, 0.8812876343727112, 0.8791952133178711, 0.865172803401947, 0.8674144744873047, 0.8848622441291809, 0.8747404217720032, 0.8607879877090454, 0.8741312026977539, 0.8787378668785095, 0.8818175196647644, 0.884239912033081, 0.8825058341026306, 0.8796997666358948, 0.8930070400238037, 0.8735835552215576, 0.8835918307304382, 0.8708895444869995, 0.8950481414794922, 0.8983646035194397], "test_loss": [0.726629271999764, 0.6781375536945751, 0.6593119447094236, 0.6469732239814175, 0.6485384903372803, 0.6517747985134378, 0.655510540973967, 0.64815076140761, 0.6483252247300091, 0.6416747620492816, 0.6350519761433725, 0.6310028659717538, 0.6320104146410375, 0.6267479695403267, 0.6311305360709725, 0.6219396811079844, 0.6302686881883492, 0.6285265974432174, 0.626986796164618, 0.6263487102182621, 0.6226175033210277, 0.6197773515989866, 0.6230439234969741, 0.6303375857356825, 0.6248935382349613, 0.6278799091496953, 0.6262473654536153, 0.630881728737398, 0.6243784604235232, 0.6263160868980278, 0.6336583251901917, 0.6290363456279661, 0.6244580523544524, 0.6254277901037991, 0.6288290411629258, 0.6272893461786488, 0.6279446176916305, 0.639526477171813, 0.6327520933847072, 0.6328975820722116, 0.6353929133559809, 0.6354872069626915, 0.6253074325117519, 0.6308686806669133, 0.6264191522902502, 0.6297770388805632, 0.6303228363159407, 0.6237400687727382, 0.6345674942282281, 0.633762250274928], "test_acc": [0.8237523689197725, 0.8717624763108023, 0.8888186986734049, 0.903348073278585, 0.9020846493998737, 0.899557801642451, 0.8945041061276058, 0.901452937460518, 0.9001895135818067, 0.903348073278585, 0.9128237523689198, 0.9204042956411876, 0.917877447883765, 0.9235628553379659, 0.919772583701832, 0.9279848389134555, 0.9191408717624763, 0.9210360075805433, 0.9241945672773215, 0.9235628553379659, 0.9286165508528111, 0.9311433986102338, 0.9267214150347441, 0.9204042956411876, 0.9260897030953885, 0.9222994314592545, 0.9248262792166771, 0.9191408717624763, 0.9260897030953885, 0.9254579911560329, 0.9166140240050537, 0.9222994314592545, 0.9260897030953885, 0.9248262792166771, 0.9204042956411876, 0.9222994314592545, 0.9229311433986103, 0.9109286165508528, 0.917877447883765, 0.917877447883765, 0.9153506001263424, 0.915982312065698, 0.9260897030953885, 0.919772583701832, 0.9235628553379659, 0.9216677195198989, 0.919772583701832, 0.9279848389134555, 0.9166140240050537, 0.9153506001263424], "test_micro_f1": [0.8231382369995117, 0.8710903525352478, 0.8881915211677551, 0.9030186533927917, 0.9022207260131836, 0.9001728892326355, 0.8944947123527527, 0.9015957713127136, 0.9007978439331055, 0.9041489362716675, 0.9128457307815552, 0.9207978844642639, 0.9180718064308167, 0.9234707355499268, 0.9199467897415161, 0.9287499785423279, 0.9195478558540344, 0.9214228391647339, 0.9243218302726746, 0.9232446551322937, 0.9291489124298096, 0.9307447075843811, 0.9268218278884888, 0.9205718040466309, 0.9266489148139954, 0.922220766544342, 0.9244946837425232, 0.9186436533927917, 0.9257447123527527, 0.9255717992782593, 0.9170478582382202, 0.922220766544342, 0.926196813583374, 0.9247207641601562, 0.9205718040466309, 0.922220766544342, 0.9230718016624451, 0.9116489291191101, 0.9180718064308167, 0.9180718064308167, 0.9151197075843811, 0.9159707427024841, 0.926196813583374, 0.9199467897415161, 0.9234707355499268, 0.9220478534698486, 0.9194946885108948, 0.9282978773117065, 0.9163696765899658, 0.9155718088150024],