{"train_loss": [0.8090172979123108, 0.6874739939632678, 0.6508414654826681, 0.642058620371512, 0.6331672409281834, 0.6256016627799318, 0.6250571192845968, 0.6202449696119371, 0.6179858623927456, 0.6124330815743037, 0.6057589502107816, 0.6019006634534564, 0.5927957270096067, 0.5893507039477276, 0.5890827880573981, 0.5839636999296152, 0.5859819084457697, 0.5798463914081334, 0.5779377604043207, 0.5780544380080099, 0.578199617961399, 0.5752680825478923, 0.5730958327822897, 0.5766266627906153, 0.5734947493223618, 0.5720326060799743, 0.5715331847604784, 0.5698912184956816, 0.5714294839421424, 0.5706974417136016, 0.5711618433124478, 0.5699136490165613, 0.5688063645931684, 0.5706144069529084, 0.5724505222150736, 0.5770118250668304, 0.5742291790799783, 0.5707642250027885, 0.5701313966031435, 0.5689517083486725, 0.5674404028392851, 0.5676013733806119, 0.570696145131287, 0.5668631332107847, 0.5665696799180616, 0.5691216984034753, 0.570659613313598, 0.5706885349394529, 0.5681528506223993, 0.5666024200082636], "train_acc": [0.8021804392479065, 0.8743877389793017, 0.9028282509085164, 0.9096223732027177, 0.9178385210933797, 0.9254226576078369, 0.9265286775161953, 0.9301627429293727, 0.932058777057987, 0.9402749249486491, 0.9461210301785432, 0.9500711012798231, 0.9587612577026386, 0.9619213145836625, 0.9616053088955602, 0.9674514141254542, 0.9653973771527887, 0.9714014852267341, 0.9731395165112972, 0.9736135250434508, 0.9731395165112972, 0.9761415705482699, 0.9780376046768842, 0.9744035392637067, 0.9780376046768842, 0.9797756359614473, 0.9800916416495496, 0.9815136672460104, 0.9800916416495496, 0.9804076473376521, 0.9802496444936009, 0.9818296729341128, 0.98277768999842, 0.9807236530257545, 0.978669616053089, 0.9739295307315532, 0.9767735819244746, 0.9805656501817033, 0.9810396587138569, 0.9826196871543688, 0.9840417127508295, 0.9840417127508295, 0.9805656501817033, 0.9846737241270342, 0.9849897298151367, 0.9824616843103176, 0.9807236530257545, 0.9804076473376521, 0.9832516985305736, 0.9848317269710855], "train_micro_f1": [0.8020896315574646, 0.8743497133255005, 0.9028914570808411, 0.9096338152885437, 0.9177967309951782, 0.9254166483879089, 0.9266098737716675, 0.9301073551177979, 0.9320454597473145, 0.9402525424957275, 0.9460480213165283, 0.9500821232795715, 0.9588068127632141, 0.9619192481040955, 0.9616477489471436, 0.9674873948097229, 0.9653030633926392, 0.9714331030845642, 0.9731250405311584, 0.9736426472663879, 0.973169207572937, 0.9761679172515869, 0.978061854839325, 0.9743876457214355, 0.9780176877975464, 0.9797979593276978, 0.9801136255264282, 0.9814015626907349, 0.9801136255264282, 0.9804292917251587, 0.9802714586257935, 0.9818055629730225, 0.9827967286109924, 0.9807449579238892, 0.9786931872367859, 0.9739141464233398, 0.9767992496490479, 0.9805871248245239, 0.9810164570808411, 0.9825947284698486, 0.9840593338012695, 0.9840593338012695, 0.9805871248245239, 0.9846464991569519, 0.9849621653556824, 0.982481062412262, 0.9807449579238892, 0.9803851246833801, 0.9832260608673096, 0.9848484992980957], "train_macro_f1": [0.301555871963501, 0.5110457539558411, 0.5663995146751404, 0.5743508338928223, 0.5871298909187317, 0.598962664604187, 0.6020324230194092, 0.6034940481185913, 0.6054244637489319, 0.6577244997024536, 0.7249925136566162, 0.7656540274620056, 0.7686895728111267, 0.7980343699455261, 0.8013221025466919, 0.8250102996826172, 0.8295097947120667, 0.8440873026847839, 0.8492191433906555, 0.8366580605506897, 0.8395119309425354, 0.8597216606140137, 0.8650528192520142, 0.8577096462249756, 0.861809492111206, 0.860470712184906, 0.8808748722076416, 0.8664424419403076, 0.8694713115692139, 0.8684068322181702, 0.8533106446266174, 0.8834983110427856, 0.8500528335571289, 0.8711729049682617, 0.8641229271888733, 0.8418696522712708, 0.8529844284057617, 0.8668955564498901, 0.8728267550468445, 0.8870523571968079, 0.8691075444221497, 0.8789930939674377, 0.8653646111488342, 0.8996731042861938, 0.8792555332183838, 0.879970908164978, 0.8668066263198853, 0.8688287734985352, 0.874360203742981, 0.8703538775444031], "test_loss": [0.7424890008894461, 0.6677781952685069, 0.6499665936411594, 0.6489169320499905, 0.6417859024588849, 0.6399257989601478, 0.6421031278292739, 0.6422190054714567, 0.6511172194384505, 0.6355274430348462, 0.6352463581858747, 0.6294110126685132, 0.6271072032326622, 0.6364129503091076, 0.6316360885857482, 0.6426070355871999, 0.631274673732413, 0.6314913995342772, 0.6262865455106926, 0.6240138638945825, 0.6288126965752902, 0.6228209193642954, 0.6301355953843099, 0.6321539242886623, 0.6251127301178171, 0.6274998260312493, 0.6263847479094302, 0.6348501110634168, 0.6281697801299586, 0.6235642935833596, 0.6217573221469332, 0.6197824588472604, 0.6177974992060465, 0.6240402172806138, 0.6229921720559584, 0.6278352358637922, 0.6274571067836566, 0.6255394747117163, 0.6264331274144046, 0.6231325575240564, 0.6220495058476586, 0.6260874725864118, 0.624875498209584, 0.6249265849627954, 0.6252560444595087, 0.6279758219092387, 0.6235075444642005, 0.6226776996821598, 0.6237407073293844, 0.6261212091542314], "test_acc": [0.8186986734049273, 0.886923562855338, 0.903348073278585, 0.9001895135818067, 0.9096651926721415, 0.9090334807327859, 0.9090334807327859, 0.9077700568540745, 0.8982943777637398, 0.915982312065698, 0.915982312065698, 0.9204042956411876, 0.9229311433986103, 0.9134554643082754, 0.917877447883765, 0.9071383449147189, 0.919772583701832, 0.917877447883765, 0.9248262792166771, 0.9273531269740998, 0.9222994314592545, 0.9279848389134555, 0.9216677195198989, 0.917877447883765, 0.9248262792166771, 0.9222994314592545, 0.9235628553379659, 0.9153506001263424, 0.9229311433986103, 0.9279848389134555, 0.9298799747315224, 0.9298799747315224, 0.9330385344283006, 0.9267214150347441, 0.9273531269740998, 0.9235628553379659, 0.9235628553379659, 0.9254579911560329, 0.9229311433986103, 0.9267214150347441, 0.9286165508528111, 0.9241945672773215, 0.9267214150347441, 0.9254579911560329, 0.9254579911560329, 0.9222994314592545, 0.9273531269740998, 0.9286165508528111, 0.9279848389134555, 0.9235628553379659], "test_micro_f1": [0.8197207450866699, 0.886542558670044, 0.9043749570846558, 0.9007978439331055, 0.9097207188606262, 0.9088696837425232, 0.9090957641601562, 0.9078457355499268, 0.8982446789741516, 0.9159707427024841, 0.9164228439331055, 0.9205718040466309, 0.9230718016624451, 0.9139228463172913, 0.9182978868484497, 0.9063165187835693, 0.9201728701591492, 0.9173936247825623, 0.9242686033248901, 0.9269946813583374, 0.922220766544342, 0.9282978773117065, 0.9218217730522156, 0.9180718064308167, 0.9247207641601562, 0.9226728677749634, 0.9234707355499268, 0.914893627166748, 0.9226197004318237, 0.9278457164764404, 0.9297207593917847, 0.929946780204773, 0.9330717921257019, 0.9268218278884888, 0.9274467825889587, 0.9241489171981812, 0.9234707355499268, 0.9253457188606262, 0.9232978820800781, 0.9268218278884888, 0.9291489124298096, 0.9238696694374084, 0.9268218278884888, 0.9251196980476379, 0.9251196980476379, 0.922220766544342, 0.9269946813583374, 0.9282447099685669, 0.9285238981246948, 0.9234707355499268],