{"train_loss": [0.7689413751616337, 0.6654945311905706, 0.6497051418157226, 0.6395090859183807, 0.6330586786160143, 0.6273181813176463, 0.6266753213404479, 0.6252284704612355, 0.6194197219079998, 0.6175570726997386, 0.6149975979171821, 0.6067677324257825, 0.5957397081347547, 0.5902782312349641, 0.5863690497675935, 0.5863617666525983, 0.579275346212919, 0.5802255969963701, 0.5782335127091254, 0.5755026984561354, 0.5752342773813606, 0.5741012410673791, 0.5778570352600431, 0.5726018426429229, 0.5726667054740338, 0.5726473195271425, 0.5721888872830859, 0.5708202863025861, 0.5734038211135696, 0.5705967405656442, 0.5692171427871703, 0.5698013251794799, 0.5705452482646478, 0.5694736441572915, 0.5700298727528709, 0.5683194824277668, 0.5669921350094884, 0.5652387367170331, 0.5670298046270127, 0.5668383461544912, 0.5679471831333771, 0.5656555384458721, 0.5663709244582679, 0.5658198263261307, 0.5660628100710281, 0.5674656718653852, 0.5661371901224039, 0.5649327738700574, 0.56352505823846, 0.569209833481542], "train_acc": [0.8081845473218517, 0.8849739295307315, 0.9014062253120556, 0.9118344130194344, 0.9172065097171749, 0.9236846263232739, 0.9243166376994786, 0.9262126718280929, 0.9306367514615264, 0.932848791278243, 0.9355348396271133, 0.9435929846737241, 0.9552851951335124, 0.9604992889872017, 0.9650813714646863, 0.964765365776584, 0.9725075051350924, 0.9712434823826829, 0.973771527887502, 0.9758255648601675, 0.9762995733923211, 0.9769315847685258, 0.9734555221993996, 0.9788276188971401, 0.978669616053089, 0.9788276188971401, 0.9797756359614473, 0.9805656501817033, 0.9777215989887817, 0.9808816558698057, 0.9821456786222152, 0.9815136672460104, 0.9807236530257545, 0.9818296729341128, 0.9813556644019592, 0.9835677042186759, 0.9845157212829831, 0.986095749723495, 0.9846737241270342, 0.9845157212829831, 0.9835677042186759, 0.9857797440353926, 0.9849897298151367, 0.9857797440353926, 0.9853057355032391, 0.9838837099067783, 0.9853057355032391, 0.9864117554115974, 0.9879917838521093, 0.9823036814662663], "train_micro_f1": [0.8083080649375916, 0.8850126266479492, 0.9013383388519287, 0.9118434190750122, 0.9172537922859192, 0.9235921502113342, 0.9243561029434204, 0.9262500405311584, 0.9306249618530273, 0.9328345656394958, 0.9355618953704834, 0.9436111450195312, 0.9553346037864685, 0.9604103565216064, 0.9650315642356873, 0.9647601246833801, 0.9725378751754761, 0.971275269985199, 0.9738004803657532, 0.9758080840110779, 0.9762815833091736, 0.9769129157066345, 0.9734407067298889, 0.9788510203361511, 0.978604793548584, 0.9788068532943726, 0.9797979593276978, 0.9805871248245239, 0.9777461886405945, 0.9809027910232544, 0.9820770025253296, 0.9815340638160706, 0.9807449579238892, 0.981849730014801, 0.9813321232795715, 0.9835858345031738, 0.9844886660575867, 0.9861111044883728, 0.9846022725105286, 0.9845328330993652, 0.9835858345031738, 0.9857512712478638, 0.9849621653556824, 0.9857512712478638, 0.9853219389915466, 0.9839015007019043, 0.9853219389915466, 0.9863826036453247, 0.9880050420761108, 0.9823232293128967], "train_macro_f1": [0.33321523666381836, 0.5412723422050476, 0.5630092620849609, 0.5778919458389282, 0.5875440239906311, 0.592984676361084, 0.5975719690322876, 0.5979040861129761, 0.6069223284721375, 0.6088419556617737, 0.6552426815032959, 0.7268073558807373, 0.7667601704597473, 0.8029356002807617, 0.8110127449035645, 0.8157393932342529, 0.8468629717826843, 0.8390149474143982, 0.8479387164115906, 0.8509294986724854, 0.857087254524231, 0.858823299407959, 0.841776430606842, 0.8557900190353394, 0.8585797548294067, 0.8653855919837952, 0.8669091463088989, 0.8628377318382263, 0.8486379981040955, 0.8661222457885742, 0.8659113645553589, 0.8774904012680054, 0.8789915442466736, 0.8692274689674377, 0.8803361654281616, 0.8754225373268127, 0.8874855637550354, 0.888005256652832, 0.8821929693222046, 0.8808838129043579, 0.8792487382888794, 0.8836162686347961, 0.8925331830978394, 0.8815121650695801, 0.8647665977478027, 0.8791151642799377, 0.8871018886566162, 0.869043231010437, 0.8865146040916443, 0.8767805695533752], "test_loss": [0.6911439676866152, 0.6642240854433196, 0.6686076102419436, 0.6468541303241245, 0.6504516192274762, 0.6401994857920624, 0.6492590510762348, 0.6398913451033307, 0.6443362052276477, 0.6382351984950612, 0.6328564216574007, 0.6286103167416397, 0.6267259366061969, 0.6369904971770373, 0.6265499197224311, 0.6259050719811806, 0.6313956387421035, 0.6328079693315907, 0.6242507780117847, 0.6209856142594102, 0.6231333072699102, 0.6397851980794327, 0.6278681085596187, 0.6250113006716503, 0.6216714444675554, 0.6269718469205869, 0.6285401968284264, 0.6174281936089449, 0.6161843831600905, 0.6161135839120693, 0.6171469317533814, 0.6267398577359984, 0.6153547401979462, 0.6169614803919066, 0.6228792093934248, 0.6223278049043064, 0.627901496950464, 0.6180642811994499, 0.6227837721155327, 0.6204284196478312, 0.6193485685111749, 0.6184218175337425, 0.6238523338387755, 0.6212683587758058, 0.6335992248315865, 0.6236607179714018, 0.6216474631054072, 0.6307722154254034, 0.6236359645351909, 0.6339992066764109], "test_acc": [0.8566013897662665, 0.8843967150979154, 0.8818698673404928, 0.9052432090966519, 0.9008212255211624, 0.9084017687934302, 0.9020846493998737, 0.9096651926721415, 0.9065066329753633, 0.9128237523689198, 0.919772583701832, 0.9204042956411876, 0.9216677195198989, 0.9128237523689198, 0.9229311433986103, 0.9235628553379659, 0.919772583701832, 0.917877447883765, 0.9260897030953885, 0.9298799747315224, 0.9279848389134555, 0.9096651926721415, 0.9229311433986103, 0.9248262792166771, 0.9273531269740998, 0.9241945672773215, 0.9222994314592545, 0.932406822488945, 0.9349336702463676, 0.9349336702463676, 0.934301958307012, 0.9235628553379659, 0.9368288060644346, 0.932406822488945, 0.9286165508528111, 0.9279848389134555, 0.9229311433986103, 0.9317751105495894, 0.9286165508528111, 0.9298799747315224, 0.932406822488945, 0.932406822488945, 0.9267214150347441, 0.9298799747315224, 0.915982312065698, 0.9273531269740998, 0.9292482627921668, 0.919772583701832, 0.9273531269740998, 0.915982312065698], "test_micro_f1": [0.8558642864227295, 0.8849468231201172, 0.8817686438560486, 0.9053457379341125, 0.9007446765899658, 0.9084707498550415, 0.9022207260131836, 0.9099467992782593, 0.9068217873573303, 0.9130718111991882, 0.9201728701591492, 0.9210239052772522, 0.921143651008606, 0.9126197099685669, 0.922845721244812, 0.9234707355499268, 0.9194946885108948, 0.9182978868484497, 0.925970733165741, 0.929946780204773, 0.9278457164764404, 0.9097207188606262, 0.922845721244812, 0.9249467849731445, 0.9276728630065918, 0.9245478510856628, 0.922220766544342, 0.9326728582382202, 0.9340425729751587, 0.9349467754364014, 0.933417558670044, 0.9241489171981812, 0.9363696575164795, 0.9324467778205872, 0.9284707307815552, 0.9285238981246948, 0.9232978820800781, 0.9318218231201172, 0.9286968111991882, 0.9303989410400391, 0.9319946765899658, 0.9328989386558533, 0.9274999499320984, 0.9297207593917847, 0.9164228439331055, 0.9267686009407043, 0.9295478463172913, 0.9203988909721375, 0.9267686009407043, 0.9161968231201172],