{"train_loss": [0.8574929055698224, 0.8003541940873523, 0.772311071853047, 0.7561969670154676, 0.7465099667670283, 0.7452420864856381, 0.7411776514843679, 0.7365826250328086, 0.7391737008625946, 0.7315342159779042, 0.733097499873631, 0.7336483178667631, 0.735073914354984, 0.7285142971132392, 0.730022208821361, 0.7271833029812708, 0.7293607866072809, 0.7231923590284292, 0.7259598956945892, 0.710665404391639, 0.7041357207927381, 0.7018427818679267, 0.6970153737546596, 0.698424926017355, 0.6971887136488885, 0.7034908971490407, 0.6952419860665503, 0.6952216823173748, 0.6892451428655088, 0.6884849141758753, 0.6892661900011016, 0.6942035231022948, 0.6927129904943953, 0.6896020358330944, 0.6877772177653886, 0.6866304396848427, 0.6892841069840353, 0.6886190094546998, 0.6962130913464712, 0.6900414140854689, 0.6837868455519023, 0.6840976439186852, 0.6817228798618398, 0.6854322201400632, 0.6839517757854561, 0.6913567119007108, 0.6869505062772305, 0.6835826045435778, 0.6842240275770101, 0.6824322358976892], "train_acc": [0.7106967925422658, 0.72317901722231, 0.7727919102543845, 0.7991783852109338, 0.8105545899826196, 0.7934902828250908, 0.7914362458524253, 0.8012324221835994, 0.7896982145678623, 0.7843261178701216, 0.7881181861273503, 0.7835361036498657, 0.7756359614473061, 0.7851161320903777, 0.7803760467688419, 0.7838521093379681, 0.7770579870437668, 0.7884341918154527, 0.7838521093379681, 0.7878021804392479, 0.7925422657607837, 0.7922262600726813, 0.7988623795228315, 0.7987043766787802, 0.7934902828250908, 0.7849581292463265, 0.8007584136514457, 0.7968083425501659, 0.8069205245694423, 0.8064465160372887, 0.8043924790646232, 0.795228314109654, 0.7953863169537052, 0.8007584136514457, 0.8023384420919577, 0.804234476220572, 0.798546373834729, 0.7974403539263707, 0.7895402117238111, 0.7966503397061148, 0.8107125928266709, 0.8066045188813399, 0.812450624111234, 0.8036024648443671, 0.8070785274134934, 0.7998103965871386, 0.8023384420919577, 0.8066045188813399, 0.804234476220572, 0.805972507505135], "train_micro_f1": [0.7107954621315002, 0.7231312990188599, 0.7728219628334045, 0.7992234826087952, 0.8104987144470215, 0.793541669845581, 0.7915341258049011, 0.8012752532958984, 0.7897096276283264, 0.784343421459198, 0.7881313562393188, 0.7832891345024109, 0.7757070660591125, 0.7849999666213989, 0.7804418802261353, 0.7838699817657471, 0.7770833373069763, 0.7884027361869812, 0.7838699817657471, 0.7878598570823669, 0.7925505042076111, 0.7922348380088806, 0.798952043056488, 0.7987499833106995, 0.7935858964920044, 0.7849747538566589, 0.8008459806442261, 0.7968118786811829, 0.8069570660591125, 0.8064835667610168, 0.8044760227203369, 0.79510098695755, 0.7952588200569153, 0.8007575869560242, 0.8025126457214355, 0.8041414022445679, 0.7984595894813538, 0.7974432110786438, 0.7893750071525574, 0.7965214252471924, 0.8105681538581848, 0.8064204454421997, 0.8123926520347595, 0.8035542368888855, 0.8071591258049011, 0.7998106479644775, 0.8024242520332336, 0.8065972328186035, 0.8041855692863464, 0.8059216737747192], "train_macro_f1": [0.3215615153312683, 0.3270050585269928, 0.43052488565444946, 0.46542227268218994, 0.477658748626709, 0.4607393145561218, 0.4535376727581024, 0.4644991159439087, 0.45255914330482483, 0.4353235363960266, 0.4484918415546417, 0.44343411922454834, 0.4380820691585541, 0.44076454639434814, 0.43927842378616333, 0.439103901386261, 0.43054357171058655, 0.44100624322891235, 0.46979469060897827, 0.530156135559082, 0.5365480780601501, 0.5458453297615051, 0.5658813714981079, 0.5484480261802673, 0.5633878707885742, 0.5579346418380737, 0.5782730579376221, 0.5606625080108643, 0.5784351229667664, 0.5796188712120056, 0.575741708278656, 0.5793835520744324, 0.5685194730758667, 0.5716949105262756, 0.5731953382492065, 0.5767757296562195, 0.5932698845863342, 0.5696507692337036, 0.5656059980392456, 0.5749684572219849, 0.5959582924842834, 0.5976734757423401, 0.6064937710762024, 0.5901422500610352, 0.5968936681747437, 0.5850040316581726, 0.5836427211761475, 0.5961962342262268, 0.5827075839042664, 0.5873234868049622], "test_loss": [0.7648503872614756, 0.7432581557552798, 0.7257652692002582, 0.7028714888320268, 0.7019170044120625, 0.7017501187490197, 0.7029251244274484, 0.7010514768180558, 0.6996572497744991, 0.7011042248201159, 0.7025099967524588, 0.7011350023166635, 0.6986733803399665, 0.6973914428368747, 0.6977955933168427, 0.699726737983906, 0.697747908998575, 0.6968786818500718, 0.6993195400235025, 0.6773250651600538, 0.6752521654359164, 0.6722344798674255, 0.6715279739263008, 0.6705463253389938, 0.6665868511775288, 0.6677905736809958, 0.6825557892185483, 0.6702633153691897, 0.672764810066922, 0.6678745352762527, 0.6706445439285066, 0.6682639246640594, 0.669112918991419, 0.669517887180844, 0.6681450956318097, 0.6682756272811191, 0.6694977592608632, 0.67362317474899, 0.6658795084368934, 0.666082770743102, 0.6713705420945916, 0.6654927013271306, 0.6666800926474176, 0.6665496672171245, 0.6666089712406214, 0.6786325743359549, 0.6681874066836007, 0.6677897761158753, 0.6694871551314262, 0.6715323850841968], "test_acc": [0.7890082122552117, 0.8205938092229943, 0.8736576121288693, 0.8957675300063171, 0.866708780795957, 0.903348073278585, 0.8970309538850284, 0.8205938092229943, 0.8970309538850284, 0.9020846493998737, 0.881238155401137, 0.8780795957043588, 0.8679722046746684, 0.885028427037271, 0.8408085912823753, 0.8332280480101074, 0.8818698673404928, 0.8926089703095389, 0.8534428300694883, 0.919772583701832, 0.9210360075805433, 0.915982312065698, 0.9210360075805433, 0.9216677195198989, 0.9267214150347441, 0.9222994314592545, 0.9052432090966519, 0.9273531269740998, 0.9248262792166771, 0.9267214150347441, 0.9235628553379659, 0.9229311433986103, 0.919772583701832, 0.919772583701832, 0.9229311433986103, 0.9229311433986103, 0.9235628553379659, 0.9185091598231206, 0.9260897030953885, 0.9235628553379659, 0.9153506001263424, 0.9210360075805433, 0.919772583701832, 0.9222994314592545, 0.9267214150347441, 0.9052432090966519, 0.9191408717624763, 0.9204042956411876, 0.9229311433986103, 0.9191408717624763], "test_micro_f1": [0.7892153859138489, 0.8204653859138489, 0.8734175562858582, 0.8957446813583374, 0.865638256072998, 0.9034707546234131, 0.8974468111991882, 0.8200132846832275, 0.8969947099685669, 0.9022207260131836, 0.8806915283203125, 0.8784707188606262, 0.8673403859138489, 0.8837632536888123, 0.8400132656097412, 0.8331915140151978, 0.8799600601196289, 0.8928457498550415, 0.8529653549194336, 0.9199467897415161, 0.9200665354728699, 0.9157446622848511, 0.9209707379341125, 0.9222739338874817, 0.9265957474708557, 0.9224467873573303, 0.9048936367034912, 0.9281249642372131, 0.9247207641601562, 0.9256914854049683, 0.9239228367805481, 0.922845721244812, 0.9192686080932617, 0.9201728701591492, 0.9232978820800781, 0.922845721244812, 0.9236968159675598, 0.9175664782524109, 0.926196813583374, 0.9232446551322937, 0.9155718088150024, 0.9211968183517456, 0.9201728701591492, 0.9224467873573303, 0.9268218278884888, 0.9048936367034912, 0.9190957546234131, 0.9203457236289978, 0.922845721244812, 0.91886967420578],