{"train_loss": [0.914366316024981, 0.7432138148237883, 0.6863153424566627, 0.6590720560242166, 0.6463333140581323, 0.6398392753176148, 0.6341415025702319, 0.6287370234101582, 0.6225418680123684, 0.6177673922140351, 0.6143777781064749, 0.6119341395688219, 0.6064778078711792, 0.5965065802607157, 0.5929636455275358, 0.5881380575078795, 0.5841315354116533, 0.580731693235576, 0.5851589102450471, 0.5831337379211309, 0.5779962796870332, 0.5762927181292417, 0.573988407581861, 0.5783156494447115, 0.5765519337003162, 0.5766469331257791, 0.5732163833599931, 0.5736197206453796, 0.5738167356099915, 0.5714660741119216, 0.5736808221116791, 0.5719090052117366, 0.5684535650680332, 0.5679640311504695, 0.5677920475656302, 0.5711029748024581, 0.5688861320700234, 0.5711791098711144, 0.5689654152979876, 0.5677233394203, 0.5658640977254805, 0.566287480413603, 0.5653693827808252, 0.567743787269755, 0.5665071673595918, 0.5665715895551964, 0.5658298052681399, 0.567607054760867, 0.5685819035590515, 0.565991813178913], "train_acc": [0.7389793016274293, 0.8503713066835203, 0.8833939010902196, 0.9023542423763627, 0.9100963817348712, 0.914836467056407, 0.9200505609100964, 0.9228946121030178, 0.9290567230210144, 0.9319007742139358, 0.9349028282509085, 0.941854953389161, 0.949281087059567, 0.9589192605466899, 0.9603412861431506, 0.9650813714646863, 0.9683994311897615, 0.9714014852267341, 0.9671354084373519, 0.9685574340338126, 0.9740875335756044, 0.9756675620161163, 0.9777215989887817, 0.9732975193553484, 0.9747195449518091, 0.9750355506399115, 0.9785116132090378, 0.9777215989887817, 0.9775635961447307, 0.9800916416495496, 0.9775635961447307, 0.9793016274292937, 0.9830936956865224, 0.9835677042186759, 0.9835677042186759, 0.9802496444936009, 0.9824616843103176, 0.9800916416495496, 0.9823036814662663, 0.9837257070627271, 0.9854637383472903, 0.9854637383472903, 0.9859377468794438, 0.9835677042186759, 0.9851477326591879, 0.9851477326591879, 0.9856217411913415, 0.9838837099067783, 0.98277768999842, 0.9856217411913415], "train_micro_f1": [0.7390467524528503, 0.8503598570823669, 0.8834343552589417, 0.902373731136322, 0.9101073145866394, 0.9148421883583069, 0.9200063347816467, 0.9229797720909119, 0.9290909171104431, 0.9318876266479492, 0.9349305629730225, 0.9418750405311584, 0.9492045640945435, 0.9589204788208008, 0.9602525234222412, 0.9651199579238892, 0.9684343338012695, 0.9713889360427856, 0.9671275615692139, 0.9685921669006348, 0.9740719795227051, 0.9756503105163574, 0.9777020812034607, 0.9733270406723022, 0.974703311920166, 0.975063145160675, 0.9785353541374207, 0.9777461886405945, 0.9774999618530273, 0.9801136255264282, 0.9775883555412292, 0.9792803525924683, 0.9831123948097229, 0.9835858345031738, 0.98354172706604, 0.9802714586257935, 0.9824368953704834, 0.9801136255264282, 0.9823232293128967, 0.9836995005607605, 0.9854797720909119, 0.9854797720909119, 0.9859532713890076, 0.9834974408149719, 0.9851641654968262, 0.9851641654968262, 0.9856376051902771, 0.9839015007019043, 0.9827967286109924, 0.9855934381484985], "train_macro_f1": [0.2820742726325989, 0.4480613172054291, 0.5213497281074524, 0.563621997833252, 0.571270227432251, 0.5810847282409668, 0.58701092004776, 0.5959555506706238, 0.598515510559082, 0.6027052402496338, 0.6154181957244873, 0.6752573847770691, 0.7404158115386963, 0.8022786974906921, 0.7927345633506775, 0.8158137798309326, 0.8345298171043396, 0.8361648321151733, 0.8277074694633484, 0.8313004970550537, 0.8494895100593567, 0.8574107885360718, 0.8624312281608582, 0.8497225046157837, 0.840913712978363, 0.8663395047187805, 0.8597449660301208, 0.867310643196106, 0.8561745882034302, 0.8751732110977173, 0.861539900302887, 0.8667794466018677, 0.8730865716934204, 0.8752098679542542, 0.8756150007247925, 0.8596197366714478, 0.8574710488319397, 0.8754040002822876, 0.8698204755783081, 0.8851336240768433, 0.8883390426635742, 0.875947892665863, 0.8903360962867737, 0.8714172840118408, 0.8779858946800232, 0.878109335899353, 0.8666650652885437, 0.8821923732757568, 0.8707848191261292, 0.8840693235397339], "test_loss": [0.7947770434320538, 0.7361695505513922, 0.6674183619150389, 0.6581925663929986, 0.6546209309949049, 0.6838324739070007, 0.6461866472765982, 0.6496751264387192, 0.642131752555158, 0.6390572916233909, 0.6393150459793799, 0.6326662682688695, 0.6300619139900255, 0.6330390205054967, 0.6293121593253038, 0.6280204482418935, 0.6271971358352271, 0.6253447583108783, 0.6380127924420904, 0.6331972684652385, 0.6236100207757739, 0.6274700241606972, 0.6263476598511296, 0.6209505885293495, 0.6275683085675942, 0.6265988131903879, 0.624550404574249, 0.6236014275406255, 0.6271128765932759, 0.6214966045778458, 0.6247694357919, 0.6182037972229159, 0.6166716680373109, 0.6160124846071061, 0.6366127041496209, 0.6224196924488528, 0.6177464584271063, 0.6235156634602453, 0.6227066147500627, 0.622100073855961, 0.628479265556709, 0.6263842731808381, 0.6206196030708935, 0.6275089283721476, 0.6247713547376463, 0.6203135207568402, 0.6181910934888029, 0.6191032016796925, 0.6239862187106023, 0.6167102547213011], "test_acc": [0.8136449778900822, 0.8351231838281743, 0.8970309538850284, 0.8989260897030954, 0.899557801642451, 0.8679722046746684, 0.9046114971572963, 0.903348073278585, 0.9090334807327859, 0.9109286165508528, 0.9147188881869868, 0.9222994314592545, 0.9216677195198989, 0.9191408717624763, 0.919772583701832, 0.9229311433986103, 0.9229311433986103, 0.9248262792166771, 0.9128237523689198, 0.9172457359444094, 0.9286165508528111, 0.9235628553379659, 0.9248262792166771, 0.9292482627921668, 0.9216677195198989, 0.9235628553379659, 0.9260897030953885, 0.9279848389134555, 0.9235628553379659, 0.9292482627921668, 0.9260897030953885, 0.932406822488945, 0.9336702463676564, 0.9355653821857233, 0.9128237523689198, 0.9286165508528111, 0.9336702463676564, 0.9279848389134555, 0.9273531269740998, 0.9286165508528111, 0.9222994314592545, 0.9229311433986103, 0.930511686670878, 0.9235628553379659, 0.9260897030953885, 0.930511686670878, 0.9330385344283006, 0.9317751105495894, 0.9267214150347441, 0.9349336702463676], "test_micro_f1": [0.8144946694374084, 0.8350664973258972, 0.8965425491333008, 0.8990957736968994, 0.8994947075843811, 0.8682447075843811, 0.9053989052772522, 0.9039228558540344, 0.907965362071991, 0.911422848701477, 0.914042592048645, 0.9226728677749634, 0.9220478534698486, 0.9193217754364014, 0.9194946885108948, 0.9226197004318237, 0.9235239028930664, 0.9242686033248901, 0.9123936295509338, 0.9165425896644592, 0.9282447099685669, 0.9234707355499268, 0.9244946837425232, 0.9295478463172913, 0.9215957522392273, 0.9234707355499268, 0.9266489148139954, 0.9282978773117065, 0.9236968159675598, 0.9297739267349243, 0.925970733165741, 0.9322207570075989, 0.9332447052001953, 0.9357978701591492, 0.9119415283203125, 0.9289228320121765, 0.9334707260131836, 0.9285238981246948, 0.9276728630065918, 0.9289228320121765, 0.922220766544342, 0.9219415187835693, 0.9303457140922546, 0.9234707355499268, 0.9255186319351196, 0.9312499761581421, 0.9337499737739563, 0.9315957427024841, 0.9261436462402344, 0.9340425729751587],