{"train_loss": [0.7666238922514533, 0.717750784919092, 0.6449702381805177, 0.6282761817408655, 0.6205381260209785, 0.6163326689729496, 0.6064380025351325, 0.5899388028615119, 0.5785840279608847, 0.5741855435262907, 0.5707380745079039, 0.5673873292493827, 0.5656959753613616, 0.5662000501658758, 0.5632832852146753, 0.5612297563082724, 0.5603235086043838, 0.560094958742491, 0.5614253725084879, 0.5607216055123119, 0.5602602549103278, 0.5600119505773922, 0.5594454717911105, 0.5592402822317002, 0.559110038652298, 0.5611153601903187, 0.5602552202626001, 0.5576220347354303, 0.559695809716993, 0.5578945089543029, 0.5585226943225803, 0.559184483186689, 0.5578575478776934, 0.5573556745366889, 0.5577930468935822, 0.5572041353167544, 0.5567931278958519, 0.5575540549646981, 0.5583945502694664, 0.5568732224777988, 0.5564453202526535, 0.5568356608154085, 0.5565567820214193, 0.5571555191635389, 0.5561760614543263, 0.5568632202175561, 0.5578800745909955, 0.5587156056547865, 0.5576951040591009, 0.5571838777049078], "train_acc": [0.7863801548427871, 0.8326749881497867, 0.9048822878811819, 0.9221045978827619, 0.9300047400853215, 0.9342708168747037, 0.9443829988939801, 0.9616053088955602, 0.9731395165112972, 0.9774055933006794, 0.9815136672460104, 0.9840417127508295, 0.9862537525675462, 0.9854637383472903, 0.9884657923842629, 0.9905198293569284, 0.9913098435771844, 0.9916258492652867, 0.9902038236688261, 0.9900458208247749, 0.9914678464212355, 0.991783852109338, 0.9920998577974404, 0.9924158634855428, 0.9922578606414916, 0.9903618265128772, 0.9911518407331332, 0.9938378890820034, 0.9913098435771844, 0.9936798862379523, 0.9928898720176963, 0.9920998577974404, 0.9936798862379523, 0.9941538947701059, 0.9936798862379523, 0.9943118976141571, 0.9946279033022595, 0.9938378890820034, 0.9928898720176963, 0.9946279033022595, 0.9949439089903618, 0.9947859061463107, 0.995101911834413, 0.9941538947701059, 0.9952599146784642, 0.9944699004582083, 0.9935218833939011, 0.9925738663295939, 0.9939958919260546, 0.9941538947701059], "train_micro_f1": [0.7864835858345032, 0.8328157067298889, 0.9049432277679443, 0.92205810546875, 0.9299936890602112, 0.9342992901802063, 0.9444444179534912, 0.9616477489471436, 0.9731250405311584, 0.9773864150047302, 0.9814899563789368, 0.984015166759491, 0.986268937587738, 0.9854797720909119, 0.9884785413742065, 0.9905303120613098, 0.9913194179534912, 0.9916350841522217, 0.9902146458625793, 0.9900126457214355, 0.9914772510528564, 0.9917929172515869, 0.9921085834503174, 0.9924242496490479, 0.9922664165496826, 0.9903724789619446, 0.9911616444587708, 0.9938446879386902, 0.9912753105163574, 0.9936426877975464, 0.9928977489471436, 0.9921085834503174, 0.993686854839325, 0.9941161870956421, 0.993686854839325, 0.9942740201950073, 0.9946338534355164, 0.9938446879386902, 0.9928977489471436, 0.9946338534355164, 0.9949495196342468, 0.9947916865348816, 0.9950631856918335, 0.9941603541374207, 0.9952651262283325, 0.9944760203361511, 0.9935290217399597, 0.9925820827484131, 0.9940025210380554, 0.9941603541374207], "train_macro_f1": [0.2938966751098633, 0.4028652012348175, 0.5727169513702393, 0.59641432762146, 0.6017580628395081, 0.6099092960357666, 0.6594019532203674, 0.7821269035339355, 0.8322057723999023, 0.8459334969520569, 0.8638797402381897, 0.8643275499343872, 0.8718745708465576, 0.8753269910812378, 0.8949803113937378, 0.8875834941864014, 0.8862898945808411, 0.8940001726150513, 0.8827162384986877, 0.9139167666435242, 0.9067420363426208, 0.8919786214828491, 0.890525758266449, 0.902289092540741, 0.9129357933998108, 0.9005157947540283, 0.9024174213409424, 0.9086576700210571, 0.914681613445282, 0.9053860902786255, 0.8980138897895813, 0.9060822129249573, 0.9044362306594849, 0.9045043587684631, 0.9064720273017883, 0.913615882396698, 0.9087678790092468, 0.9027799963951111, 0.8998976349830627, 0.9081146717071533, 0.8970668911933899, 0.9031957983970642, 0.9060826301574707, 0.9052516222000122, 0.8984977602958679, 0.906870424747467, 0.8999587297439575, 0.9022117853164673, 0.9098976254463196, 0.915886402130127], "test_loss": [0.745447201210716, 0.6601223670374496, 0.6354721951017783, 0.6343407057465742, 0.6496137834318213, 0.6250616190784428, 0.6198573776686108, 0.6116825697998871, 0.6119084751312295, 0.6082611311031758, 0.6059102502263805, 0.6159660767243772, 0.6079178313175787, 0.6035181377330161, 0.625856309131362, 0.6081770073742484, 0.6044457003577781, 0.6050362901000832, 0.6092138637189088, 0.6068105620066726, 0.6031636047498832, 0.6084915923304145, 0.6041477195311405, 0.612422503818083, 0.6092521482755019, 0.6070041985204532, 0.6063529055704441, 0.6236861946834316, 0.6075655521656694, 0.6164344267158364, 0.607491812710512, 0.6068475625218279, 0.6191371326497741, 0.6006971513705395, 0.6105534967861067, 0.6023767490742407, 0.6032308402576555, 0.6042949547138081, 0.6080192118901959, 0.6015447898899086, 0.6016074504870368, 0.599142569156666, 0.6069144965046505, 0.6082744370211699, 0.6157848789054837, 0.6172709646514151, 0.6062173777491099, 0.6066388614329822, 0.6135644358468071, 0.6095527850293843], "test_acc": [0.8054327226784587, 0.8907138344914719, 0.9153506001263424, 0.9153506001263424, 0.8989260897030954, 0.9241945672773215, 0.9311433986102338, 0.9380922299431459, 0.9387239418825016, 0.9425142135186355, 0.9469361970941251, 0.9330385344283006, 0.9425142135186355, 0.9469361970941251, 0.9222994314592545, 0.9418825015792799, 0.9450410612760581, 0.9463044851547694, 0.9406190777005685, 0.9425142135186355, 0.9475679090334808, 0.9412507896399241, 0.9444093493367025, 0.9368288060644346, 0.9406190777005685, 0.9437776373973468, 0.9437776373973468, 0.9254579911560329, 0.9431459254579911, 0.934301958307012, 0.9425142135186355, 0.9444093493367025, 0.9292482627921668, 0.9500947567909034, 0.9399873657612129, 0.9475679090334808, 0.9475679090334808, 0.9463044851547694, 0.9412507896399241, 0.9500947567909034, 0.9481996209728364, 0.9513581806696146, 0.9425142135186355, 0.9418825015792799, 0.934301958307012, 0.9317751105495894, 0.9444093493367025, 0.9431459254579911, 0.9368288060644346, 0.9406190777005685], "test_micro_f1": [0.8050132393836975, 0.890970766544342, 0.9160239100456238, 0.9155718088150024, 0.8993217945098877, 0.9245478510856628, 0.9309707283973694, 0.937845766544342, 0.9386968016624451, 0.9428989291191101, 0.9472739100456238, 0.9328457713127136, 0.9424468278884888, 0.9472739100456238, 0.9226728677749634, 0.9413697123527527, 0.9451728463172913, 0.9457446932792664, 0.9407978653907776, 0.942672848701477, 0.9472207427024841, 0.9416489005088806, 0.9445478320121765, 0.9365957379341125, 0.9407978653907776, 0.9436967968940735, 0.9436967968940735, 0.9244415163993835, 0.9426196813583374, 0.9340957403182983, 0.942672848701477, 0.9440957307815552, 0.9290957450866699, 0.9488164782524109, 0.9401728510856628, 0.9476728439331055, 0.9472207427024841, 0.9461967945098877, 0.9414228796958923, 0.9501728415489197, 0.9478457570075989, 0.9507446885108948, 0.9422207474708557, 0.9422739148139954, 0.933643639087677, 0.9322739243507385, 0.9445478320121765, 0.9428457617759705, 0.9370478391647339, 0.9407978653907776],