{"train_loss": [0.7655309262406037, 0.7535360573799356, 0.7532764160439083, 0.7348789986623824, 0.6471949453356896, 0.6243808071917315, 0.6143928364868092, 0.5947587844187435, 0.5820856080798859, 0.5779157521544258, 0.5712032714977255, 0.5680358476747286, 0.5685250809603646, 0.5672574232946472, 0.56383474844292, 0.5632224646878856, 0.562445823606448, 0.5624674467287804, 0.5633117527847965, 0.561319653853023, 0.5606182577636762, 0.561813385467014, 0.5630679124621046, 0.5595533355733836, 0.5614051140113773, 0.559616231827925, 0.5610542481573559, 0.5601822690840185, 0.56081776344714, 0.5597127227350742, 0.5591788677397752, 0.5594516798752633, 0.5587056123790328, 0.5583680481928788, 0.5592715127488075, 0.5576526977134779, 0.5584697817188997, 0.5570584889421871, 0.5567861075065282, 0.5563939186441407, 0.5564594001430229, 0.5595514373881761, 0.5581629697246977, 0.5585113657954218, 0.5574423288127449, 0.5560614303458375, 0.5570301736469121, 0.5576922106580874, 0.5574762395517316, 0.5561538043039485], "train_acc": [0.7945963027334492, 0.7983883709906778, 0.7983883709906778, 0.8167167009006162, 0.9034602622847211, 0.9263706746721441, 0.9345868225628061, 0.956549217885922, 0.9702954653183757, 0.9739295307315532, 0.9804076473376521, 0.9835677042186759, 0.9830936956865224, 0.9843577184389319, 0.9878337810080582, 0.9881497866961605, 0.9892558066045188, 0.98941380944857, 0.9881497866961605, 0.9902038236688261, 0.990993837889082, 0.9900458208247749, 0.9884657923842629, 0.9920998577974404, 0.9900458208247749, 0.991783852109338, 0.9903618265128772, 0.9913098435771844, 0.9905198293569284, 0.9916258492652867, 0.9924158634855428, 0.991783852109338, 0.9927318691736451, 0.9927318691736451, 0.9922578606414916, 0.9938378890820034, 0.9928898720176963, 0.9943118976141571, 0.9946279033022595, 0.9949439089903618, 0.9949439089903618, 0.9916258492652867, 0.9932058777057987, 0.9927318691736451, 0.9939958919260546, 0.9954179175225154, 0.9944699004582083, 0.9936798862379523, 0.9939958919260546, 0.9952599146784642], "train_micro_f1": [0.7946906685829163, 0.7984785437583923, 0.7983017563819885, 0.8167424201965332, 0.9034343957901001, 0.9264078736305237, 0.9345706701278687, 0.9565088152885437, 0.9703282713890076, 0.9739583134651184, 0.9804292917251587, 0.98354172706604, 0.9831123948097229, 0.984375, 0.987803041934967, 0.9881628751754761, 0.9892676472663879, 0.9894254803657532, 0.9881628751754761, 0.9902146458625793, 0.9910038113594055, 0.9900568127632141, 0.988434374332428, 0.9921085834503174, 0.9900568127632141, 0.9917929172515869, 0.990328311920166, 0.9912753105163574, 0.9905303120613098, 0.9916350841522217, 0.9924242496490479, 0.991704523563385, 0.9927399158477783, 0.9927399158477783, 0.9922664165496826, 0.9938446879386902, 0.9928977489471436, 0.9943181872367859, 0.9946338534355164, 0.9949495196342468, 0.9949495196342468, 0.9915909171104431, 0.9932133555412292, 0.9927399158477783, 0.9940025210380554, 0.9954229593276978, 0.9944318532943726, 0.993686854839325, 0.9940025210380554, 0.9952651262283325], "train_macro_f1": [0.2948348820209503, 0.2954113185405731, 0.2954162657260895, 0.3473954200744629, 0.5702517032623291, 0.6012060046195984, 0.6470420956611633, 0.7849574089050293, 0.8281104564666748, 0.8434184193611145, 0.8556713461875916, 0.8776426315307617, 0.884431004524231, 0.8917289972305298, 0.8871216177940369, 0.8981738090515137, 0.8841258883476257, 0.8880785703659058, 0.8899018168449402, 0.8982875943183899, 0.9105809330940247, 0.8885300755500793, 0.8812189102172852, 0.9061130285263062, 0.9018202424049377, 0.898685097694397, 0.8912721276283264, 0.9100609421730042, 0.8975236415863037, 0.9117420315742493, 0.905601978302002, 0.9083636999130249, 0.9149869680404663, 0.8960199952125549, 0.9020254611968994, 0.9018731117248535, 0.8996756672859192, 0.9208865165710449, 0.9142548441886902, 0.9133022427558899, 0.8988409042358398, 0.8975719213485718, 0.9071168303489685, 0.9017163515090942, 0.9089902639389038, 0.9130348563194275, 0.9040656089782715, 0.9100854992866516, 0.9030466675758362, 0.8944683074951172], "test_loss": [0.7465634922475206, 0.746213823086238, 0.7460776028268638, 0.6596476817838918, 0.634479515212138, 0.6339104625144037, 0.6276884017228629, 0.6104017589864893, 0.6074001386206284, 0.6102221575780375, 0.608575885347076, 0.6169105238426508, 0.610100512254562, 0.6048260821772014, 0.6035322014922517, 0.6196623958520172, 0.6042092151078557, 0.604768043820495, 0.6094365070232167, 0.6008199057621212, 0.6151729522817736, 0.6316073830942526, 0.639606907973166, 0.6082226240552082, 0.6174917425148411, 0.6135476036909179, 0.6009021056880698, 0.6041338616583216, 0.6053742411312844, 0.6053901400960704, 0.6028701103870732, 0.6148660278967943, 0.6020133448264603, 0.622571703006554, 0.6039921528767425, 0.6282103348591624, 0.6161990436058743, 0.6086315799196235, 0.6011158712137672, 0.6028512887237799, 0.6291603061193465, 0.6215037655694833, 0.6071748662356402, 0.6039971234824035, 0.607774357816801, 0.6072082637385032, 0.6033826333694795, 0.6036479300663431, 0.6015038724873387, 0.599898793542227], "test_acc": [0.8054327226784587, 0.8054327226784587, 0.8054327226784587, 0.8888186986734049, 0.915982312065698, 0.9128237523689198, 0.9235628553379659, 0.9406190777005685, 0.9431459254579911, 0.9412507896399241, 0.9425142135186355, 0.932406822488945, 0.9393556538218573, 0.9475679090334808, 0.9481996209728364, 0.9298799747315224, 0.9456727732154138, 0.9444093493367025, 0.9406190777005685, 0.950726468730259, 0.9336702463676564, 0.9191408717624763, 0.9109286165508528, 0.9418825015792799, 0.932406822488945, 0.9368288060644346, 0.9500947567909034, 0.9450410612760581, 0.9456727732154138, 0.9456727732154138, 0.9481996209728364, 0.9368288060644346, 0.9481996209728364, 0.9279848389134555, 0.9469361970941251, 0.9216677195198989, 0.934301958307012, 0.9425142135186355, 0.9500947567909034, 0.9475679090334808, 0.9222994314592545, 0.9279848389134555, 0.9437776373973468, 0.9469361970941251, 0.9425142135186355, 0.9431459254579911, 0.9456727732154138, 0.9469361970941251, 0.9463044851547694, 0.9519898926089703], "test_micro_f1": [0.8056914806365967, 0.8056914806365967, 0.8065957427024841, 0.8888697028160095, 0.9166489243507385, 0.9126197099685669, 0.9227925539016724, 0.9412499666213989, 0.9432978630065918, 0.9407446980476379, 0.9422207474708557, 0.9319946765899658, 0.9393218159675598, 0.9478989243507385, 0.9482978582382202, 0.9290425777435303, 0.945571780204773, 0.9443218111991882, 0.9398936033248901, 0.9507978558540344, 0.9339228868484497, 0.9190957546234131, 0.9111968278884888, 0.9420478343963623, 0.9322207570075989, 0.9372739195823669, 0.9501728415489197, 0.9447207450866699, 0.945571780204773, 0.945571780204773, 0.9478457570075989, 0.9370478391647339, 0.9487499594688416, 0.9276196956634521, 0.9463697075843811, 0.9222739338874817, 0.9340957403182983, 0.9422207474708557, 0.9501728415489197, 0.9478989243507385, 0.9224467873573303, 0.9282978773117065, 0.9436967968940735, 0.9470478892326355, 0.9424468278884888, 0.9437499642372131, 0.945571780204773, 0.9468218088150024, 0.9457446932792664, 0.9518218040466309],