{"train_loss": [0.8004093128916475, 0.717776910381721, 0.6633613180127221, 0.6428121642810998, 0.63485782829049, 0.625662124718247, 0.6185116662499199, 0.6179504115861406, 0.6151752156148234, 0.6129996067521922, 0.6120629037777043, 0.6100228599489422, 0.6106678498621931, 0.6080170537570695, 0.6075219950662403, 0.6058156525830669, 0.6058848528975765, 0.5992591287837734, 0.5831094618976767, 0.5769428919984899, 0.5746062049972708, 0.5729255124392112, 0.5685869803510019, 0.5677807794247858, 0.568102353753816, 0.567577344148075, 0.5662841873158397, 0.5648498176341751, 0.5660169705675571, 0.5660867958596992, 0.5636893431521419, 0.5616585492032986, 0.5615039210614104, 0.5620307819145252, 0.5619069612935965, 0.5613533473255925, 0.5610177004990899, 0.5607180023555, 0.5618083601804834, 0.5635577684368713, 0.5614378525382404, 0.5605348943816408, 0.5595745719106375, 0.55940611541582, 0.5592088131924191, 0.5604577398654277, 0.560472965541845, 0.5602262155066774, 0.560532895558855, 0.5608005076717437], "train_acc": [0.7876441775951967, 0.839469110443988, 0.8890820034760626, 0.909148364670564, 0.9159424869647653, 0.9255806604518881, 0.9331647969663454, 0.9333227998103966, 0.9363248538473693, 0.9374308737557276, 0.9388528993521883, 0.9407489334808027, 0.9405909306367515, 0.9431189761415706, 0.9437509875177753, 0.9451730131142361, 0.9453310159582873, 0.9500711012798231, 0.9679254226576078, 0.9747195449518091, 0.9766155790804234, 0.978669616053089, 0.9835677042186759, 0.9837257070627271, 0.9830936956865224, 0.9834097013746247, 0.9848317269710855, 0.9868857639437509, 0.9848317269710855, 0.9856217411913415, 0.9875177753199558, 0.9897298151366725, 0.9902038236688261, 0.9892558066045188, 0.9890978037604677, 0.9900458208247749, 0.9905198293569284, 0.9908358350450308, 0.9895718122926213, 0.9878337810080582, 0.9898878179807237, 0.9906778322009796, 0.9919418549533892, 0.9919418549533892, 0.9922578606414916, 0.990993837889082, 0.990993837889082, 0.9913098435771844, 0.9908358350450308, 0.9906778322009796], "train_micro_f1": [0.7877020239830017, 0.8396022915840149, 0.8891161680221558, 0.9092046022415161, 0.9159027934074402, 0.9254860877990723, 0.9332386255264282, 0.9333080649375916, 0.9363510608673096, 0.9374116063117981, 0.9388762712478638, 0.9408143758773804, 0.9405681490898132, 0.9430934190750122, 0.9437247514724731, 0.9452335834503174, 0.9453030228614807, 0.9500821232795715, 0.9679608345031738, 0.9747474789619446, 0.976597249507904, 0.9786931872367859, 0.98354172706604, 0.9837436676025391, 0.9830682277679443, 0.9834280014038086, 0.9848043322563171, 0.986900269985199, 0.9848484992980957, 0.9856376051902771, 0.9875315427780151, 0.9896527528762817, 0.9902146458625793, 0.9892676472663879, 0.9891098737716675, 0.9900568127632141, 0.9905303120613098, 0.9908459782600403, 0.9895833134651184, 0.9877588152885437, 0.9898989796638489, 0.990688145160675, 0.9919507503509521, 0.9919507503509521, 0.9922664165496826, 0.9910038113594055, 0.9909154176712036, 0.9912753105163574, 0.9908459782600403, 0.990688145160675], "train_macro_f1": [0.29870474338531494, 0.4325703978538513, 0.5385156869888306, 0.5762582421302795, 0.5864843726158142, 0.5950533747673035, 0.6100590825080872, 0.6092161536216736, 0.6156795620918274, 0.613787829875946, 0.6174218058586121, 0.6179807186126709, 0.6199085712432861, 0.6214183568954468, 0.6224334239959717, 0.6266943216323853, 0.6278225779533386, 0.6724574565887451, 0.795484185218811, 0.8364444375038147, 0.8564429879188538, 0.8580493927001953, 0.8796269297599792, 0.8676662445068359, 0.882056474685669, 0.861430287361145, 0.8911677598953247, 0.8765414357185364, 0.8860160708427429, 0.8843872547149658, 0.8797285556793213, 0.8916025161743164, 0.8950570821762085, 0.8926209807395935, 0.8872842788696289, 0.8907268643379211, 0.8986597657203674, 0.8825972676277161, 0.8944323062896729, 0.9001772999763489, 0.8944143652915955, 0.9053043127059937, 0.9047054052352905, 0.8980154395103455, 0.8946086764335632, 0.902185320854187, 0.9075408577919006, 0.9093756079673767, 0.8911297917366028, 0.9070430994033813], "test_loss": [0.7262785573285815, 0.6772346368561948, 0.6618814891226594, 0.6461085163936988, 0.6340613225104307, 0.649735374798597, 0.6451990055043865, 0.638579083407746, 0.6386785701491452, 0.6434909271350482, 0.6365498891753331, 0.6266468684656742, 0.630585537932752, 0.6313973373426942, 0.6306125877856907, 0.6293240061155694, 0.6259767562998146, 0.6177557876271231, 0.6148749290202437, 0.6192143364036979, 0.6116405185159067, 0.612405907859248, 0.6193528024365611, 0.6166080654382856, 0.6104958855269909, 0.6076063898192579, 0.609003617201737, 0.6095733488954025, 0.6108910066751612, 0.605856086736379, 0.6150733494186281, 0.6169924189678416, 0.6274046423084285, 0.6146931764602058, 0.6193417317492256, 0.6160091338320315, 0.6127306091883329, 0.6109425640904445, 0.6135270129406821, 0.6345536401960117, 0.6166211275533265, 0.6062896081487061, 0.6126101822395228, 0.6093374953492864, 0.6113130092545543, 0.6137635726681707, 0.6250677390032302, 0.611352961875183, 0.6095224555278231, 0.6127304470923153], "test_acc": [0.8395451674036639, 0.8730259001895135, 0.8881869867340493, 0.9065066329753633, 0.9185091598231206, 0.897662665824384, 0.9039797852179406, 0.9115603284902085, 0.9121920404295641, 0.9071383449147189, 0.9128237523689198, 0.9248262792166771, 0.919772583701832, 0.917877447883765, 0.919772583701832, 0.919772583701832, 0.9235628553379659, 0.9336702463676564, 0.9374605180037903, 0.930511686670878, 0.9393556538218573, 0.9387239418825016, 0.930511686670878, 0.934301958307012, 0.9393556538218573, 0.9412507896399241, 0.9412507896399241, 0.9406190777005685, 0.9406190777005685, 0.9444093493367025, 0.9349336702463676, 0.9336702463676564, 0.9235628553379659, 0.9355653821857233, 0.9298799747315224, 0.9349336702463676, 0.9368288060644346, 0.9399873657612129, 0.9380922299431459, 0.9166140240050537, 0.9330385344283006, 0.9444093493367025, 0.9387239418825016, 0.9418825015792799, 0.9393556538218573, 0.9349336702463676, 0.9260897030953885, 0.9399873657612129, 0.9412507896399241, 0.9393556538218573], "test_micro_f1": [0.839667558670044, 0.8730186223983765, 0.8884707689285278, 0.906595766544342, 0.9189228415489197, 0.8973936438560486, 0.9034175872802734, 0.9109175801277161, 0.9126728773117065, 0.9076728820800781, 0.9130718111991882, 0.9253989458084106, 0.9199467897415161, 0.9176197052001953, 0.9188165068626404, 0.9190425872802734, 0.9232446551322937, 0.9330186247825623, 0.9374467730522156, 0.9298936128616333, 0.9395478367805481, 0.9389228820800781, 0.9303457140922546, 0.9345478415489197, 0.9397739171981812, 0.9414228796958923, 0.9409707188606262, 0.9405717849731445, 0.9412499666213989, 0.9447739124298096, 0.9349467754364014, 0.934148907661438, 0.9241489171981812, 0.9351196885108948, 0.9297207593917847, 0.93449467420578, 0.9375, 0.9399468302726746, 0.9385239481925964, 0.9172739386558533, 0.933297872543335, 0.9443218111991882, 0.9393749833106995, 0.9422739148139954, 0.9388696551322937, 0.9353989362716675, 0.926196813583374, 0.9401728510856628, 0.9416489005088806, 0.9395478367805481],