{"train_loss": [0.8219473890867217, 0.7122460031305977, 0.6573911366125177, 0.6443911084049139, 0.6319706831654208, 0.6266128690552798, 0.6272857520399095, 0.6227023961382429, 0.6255761857450168, 0.6206006733872801, 0.6165009135411877, 0.614705243133636, 0.6138433129852615, 0.6115073808600578, 0.6077209079806171, 0.6006822907862496, 0.5948289645416964, 0.5826424183504976, 0.5791752266834878, 0.5864350751482643, 0.5752278646410952, 0.5729522761490168, 0.5697870854895193, 0.5690275574205121, 0.5670386367752798, 0.5673036620334005, 0.5694354489094877, 0.5645196299866339, 0.564467013409624, 0.5662876159061017, 0.5643224392782589, 0.5618476764646106, 0.562565641439739, 0.5627302993133106, 0.5612361644526985, 0.5632143326422712, 0.5626559324090488, 0.5594065953514026, 0.5607146916372137, 0.5623031120990423, 0.5621244440826124, 0.5630466563570912, 0.5609636922115435, 0.5624752782837327, 0.5632123126861589, 0.5637246231404427, 0.5641753365312034, 0.5646232429283794, 0.5642767560709934, 0.5656270304926388], "train_acc": [0.7912782430083741, 0.8453152156738821, 0.8946121030178543, 0.9069363248538473, 0.919734555221994, 0.9247906462316322, 0.9233686206351714, 0.9284247116448096, 0.9255806604518881, 0.9303207457734239, 0.9344288197187549, 0.9366408595354716, 0.9367988623795228, 0.9390109021962395, 0.9421709590772633, 0.9514931268762837, 0.9576552377942803, 0.9695054510981198, 0.9717174909148365, 0.9641333544003792, 0.9758255648601675, 0.9783536103649866, 0.981987675778164, 0.9824616843103176, 0.9843577184389319, 0.9841997155948807, 0.9815136672460104, 0.9865697582556486, 0.9870437667878021, 0.9851477326591879, 0.9873597724759046, 0.9895718122926213, 0.9890978037604677, 0.9887817980723653, 0.9900458208247749, 0.9879917838521093, 0.9884657923842629, 0.9919418549533892, 0.990993837889082, 0.9890978037604677, 0.9892558066045188, 0.9881497866961605, 0.9905198293569284, 0.9892558066045188, 0.9881497866961605, 0.9875177753199558, 0.9872017696318534, 0.9870437667878021, 0.9870437667878021, 0.9854637383472903], "train_micro_f1": [0.7913320660591125, 0.8453977108001709, 0.8945517539978027, 0.9069949984550476, 0.9197348356246948, 0.9248296022415161, 0.9233207106590271, 0.9285038113594055, 0.9256187081336975, 0.9302651882171631, 0.9344571232795715, 0.93666672706604, 0.9368686676025391, 0.9389898777008057, 0.9422348737716675, 0.9515025615692139, 0.9577020406723022, 0.9694949984550476, 0.9717046022415161, 0.9640845656394958, 0.9758080840110779, 0.9783775210380554, 0.9820075631141663, 0.982481062412262, 0.984375, 0.9841729998588562, 0.9814899563789368, 0.9865846037864685, 0.9870581030845642, 0.9851199984550476, 0.9873737096786499, 0.9895833134651184, 0.9890657067298889, 0.988794207572937, 0.9900568127632141, 0.9879608750343323, 0.988434374332428, 0.9919507503509521, 0.990959644317627, 0.9891098737716675, 0.9892235398292542, 0.9881628751754761, 0.9905303120613098, 0.9892235398292542, 0.9881628751754761, 0.9874874353408813, 0.9872159361839294, 0.9870581030845642, 0.9869697093963623, 0.9854797720909119], "train_macro_f1": [0.2942238450050354, 0.44143909215927124, 0.5507194399833679, 0.5726584196090698, 0.5891355276107788, 0.5999298691749573, 0.5949086546897888, 0.6023304462432861, 0.6001799702644348, 0.6033957600593567, 0.613067626953125, 0.6149886250495911, 0.6132961511611938, 0.615566611289978, 0.6226184964179993, 0.7041138410568237, 0.756846010684967, 0.8189207315444946, 0.8354390263557434, 0.807563066482544, 0.8595441579818726, 0.8545547723770142, 0.8597057461738586, 0.8771117925643921, 0.8669075965881348, 0.8885216116905212, 0.8632717132568359, 0.8794723749160767, 0.8886066675186157, 0.8754333257675171, 0.8845487833023071, 0.8916524052619934, 0.895317018032074, 0.8887602090835571, 0.890419602394104, 0.8883259892463684, 0.8958821296691895, 0.8991801142692566, 0.8874421715736389, 0.8763957023620605, 0.8799281120300293, 0.8865535855293274, 0.887239933013916, 0.8997536897659302, 0.8953356742858887, 0.8870091438293457, 0.900510847568512, 0.8673080801963806, 0.887393057346344, 0.8862012624740601], "test_loss": [0.7485499313490646, 0.6647932331394864, 0.6424315033724093, 0.6436712063721893, 0.6666159533806715, 0.6458676958189534, 0.6372722397480144, 0.6393342896571133, 0.634674985726574, 0.6396715272399194, 0.637417671052399, 0.6334060121395885, 0.6339386703089981, 0.641753702998086, 0.6375635419175057, 0.6236032192193476, 0.6196264742449424, 0.6204646748601825, 0.60557575110612, 0.6224868735104366, 0.617642336417359, 0.6118900503678482, 0.6175030192392051, 0.6231991506722331, 0.6253145950095079, 0.6138929469029661, 0.6186499465739358, 0.6180641251655598, 0.6126511958454202, 0.6129918673033964, 0.6207717112627349, 0.6132213056501676, 0.6150493985177291, 0.6210260275640747, 0.6124813945626278, 0.6101429285463922, 0.6105448117153749, 0.6123734619597883, 0.6113542455024382, 0.6118487303421155, 0.6095010444324226, 0.6066382829704694, 0.6209331046006232, 0.6203373429975552, 0.6149132348884153, 0.6143453797809098, 0.6070186749561934, 0.6151605576032035, 0.6131644885297524, 0.6131194412745935], "test_acc": [0.8054327226784587, 0.8907138344914719, 0.9109286165508528, 0.9071383449147189, 0.881238155401137, 0.9039797852179406, 0.9134554643082754, 0.9109286165508528, 0.915982312065698, 0.9102969046114971, 0.9128237523689198, 0.9166140240050537, 0.9172457359444094, 0.9071383449147189, 0.9115603284902085, 0.9273531269740998, 0.9298799747315224, 0.930511686670878, 0.9456727732154138, 0.9273531269740998, 0.9336702463676564, 0.9399873657612129, 0.9336702463676564, 0.9286165508528111, 0.9241945672773215, 0.9374605180037903, 0.9311433986102338, 0.9317751105495894, 0.9374605180037903, 0.9374605180037903, 0.9286165508528111, 0.9374605180037903, 0.9355653821857233, 0.9286165508528111, 0.9380922299431459, 0.9406190777005685, 0.9393556538218573, 0.9380922299431459, 0.9387239418825016, 0.9387239418825016, 0.9418825015792799, 0.9444093493367025, 0.930511686670878, 0.930511686670878, 0.936197094125079, 0.936197094125079, 0.9450410612760581, 0.9355653821857233, 0.9368288060644346, 0.9374605180037903], "test_micro_f1": [0.8061436414718628, 0.8911967873573303, 0.9107446670532227, 0.9065425395965576, 0.8811436295509338, 0.9038696885108948, 0.9130186438560486, 0.9118749499320984, 0.9164228439331055, 0.9110239148139954, 0.9130718111991882, 0.9163696765899658, 0.917672872543335, 0.9069947004318237, 0.9113696813583374, 0.9269946813583374, 0.9292685985565186, 0.9305717945098877, 0.945571780204773, 0.9274467825889587, 0.9339228868484497, 0.9397207498550415, 0.9336968064308167, 0.9286968111991882, 0.9236436486244202, 0.9369946718215942, 0.9309707283973694, 0.9313696622848511, 0.93812495470047, 0.9369946718215942, 0.9275665283203125, 0.9376728534698486, 0.9355717897415161, 0.9286968111991882, 0.9373936057090759, 0.9403457641601562, 0.9393218159675598, 0.9385239481925964, 0.9386968016624451, 0.938470721244812, 0.9413697123527527, 0.9445478320121765, 0.9298936128616333, 0.9305717945098877, 0.9364228844642639, 0.9366489052772522, 0.9444946646690369, 0.9357978701591492, 0.9368218183517456, 0.9376728534698486],