{"train_loss": [0.8010384989474166, 0.7599941815767154, 0.7568014476193431, 0.7069742060758657, 0.6464167391072896, 0.6276043159529616, 0.6202304462042441, 0.6151528636093369, 0.6022609752545633, 0.5882578590485436, 0.5814708676698329, 0.5758120859285198, 0.5771608375828683, 0.5776140113203875, 0.5746892235406788, 0.5708883354441214, 0.5688151466204179, 0.5694134062943931, 0.568632160408046, 0.565506577341077, 0.5703724018486591, 0.5633252678672404, 0.563057529877328, 0.5647201150924152, 0.5652585493989005, 0.5624457811137703, 0.561939121422788, 0.5609183939717396, 0.5619256282176691, 0.5606652590821264, 0.5597139527342259, 0.560961880396094, 0.563589256189129, 0.5614643459128701, 0.5622005404445077, 0.5606237057638236, 0.5618176368349328, 0.5602699212128375, 0.5601034168384147, 0.5602000815116092, 0.5611486555106419, 0.5581042889660428, 0.5597109363662592, 0.5593023142989428, 0.5583451164994954, 0.5581613443138513, 0.5585898609688015, 0.5631443328118321, 0.5596460489266893, 0.5595167220288646], "train_acc": [0.7963343340180123, 0.7983883709906778, 0.7983883709906778, 0.8506873123716227, 0.9086743561384105, 0.9266866803602465, 0.9333227998103966, 0.9371148680676252, 0.9507031126560278, 0.9666613999051983, 0.9720334966029388, 0.9780376046768842, 0.9758255648601675, 0.975351556328014, 0.9774055933006794, 0.9813556644019592, 0.9834097013746247, 0.9815136672460104, 0.98277768999842, 0.9865697582556486, 0.9810396587138569, 0.9886237952283141, 0.9887817980723653, 0.9873597724759046, 0.9864117554115974, 0.9892558066045188, 0.9895718122926213, 0.9906778322009796, 0.9895718122926213, 0.990993837889082, 0.9919418549533892, 0.9906778322009796, 0.9878337810080582, 0.9900458208247749, 0.9895718122926213, 0.9906778322009796, 0.9895718122926213, 0.9911518407331332, 0.9911518407331332, 0.9911518407331332, 0.9902038236688261, 0.9935218833939011, 0.991783852109338, 0.9920998577974404, 0.9932058777057987, 0.9933638805498499, 0.9928898720176963, 0.9878337810080582, 0.9919418549533892, 0.9919418549533892], "train_micro_f1": [0.7963825464248657, 0.7983017563819885, 0.7983459234237671, 0.8507197499275208, 0.9087311029434204, 0.9267235398292542, 0.9333080649375916, 0.9370959401130676, 0.9507133960723877, 0.9666098356246948, 0.9720643758773804, 0.978061854839325, 0.9757638573646545, 0.9753788113594055, 0.9774305820465088, 0.9813762903213501, 0.9834280014038086, 0.9814456701278687, 0.9827967286109924, 0.9865404367446899, 0.9810164570808411, 0.9886363744735718, 0.988794207572937, 0.9873737096786499, 0.9864267706871033, 0.9892676472663879, 0.9895833134651184, 0.9906439781188965, 0.9895833134651184, 0.990959644317627, 0.9919507503509521, 0.990688145160675, 0.9878472089767456, 0.9900126457214355, 0.9895833134651184, 0.9906439781188965, 0.9895391464233398, 0.9911616444587708, 0.9911616444587708, 0.9911616444587708, 0.9902146458625793, 0.9935290217399597, 0.9917929172515869, 0.9921085834503174, 0.9931692481040955, 0.9933270812034607, 0.9928977489471436, 0.9878472089767456, 0.9919507503509521, 0.9919065833091736], "train_macro_f1": [0.29498231410980225, 0.295368492603302, 0.2954159677028656, 0.45134857296943665, 0.5783742070198059, 0.5997929573059082, 0.6097676753997803, 0.6167927980422974, 0.7091140747070312, 0.809325098991394, 0.834843635559082, 0.859505295753479, 0.848021388053894, 0.8577911853790283, 0.8627138137817383, 0.8744956254959106, 0.8864808678627014, 0.8809518814086914, 0.8761956691741943, 0.8891724944114685, 0.8760717511177063, 0.8907856941223145, 0.8870789408683777, 0.8870733976364136, 0.9007518291473389, 0.9031496047973633, 0.905360758304596, 0.8972015976905823, 0.8969441652297974, 0.9078676700592041, 0.9008337259292603, 0.897481381893158, 0.8869611024856567, 0.9002294540405273, 0.900553822517395, 0.8956829905509949, 0.9071396589279175, 0.90093594789505, 0.8967416882514954, 0.8995037078857422, 0.903904139995575, 0.9046710133552551, 0.9069661498069763, 0.8918229937553406, 0.9039482474327087, 0.8968376517295837, 0.8947703242301941, 0.8797532916069031, 0.9108983278274536, 0.9098740220069885], "test_loss": [0.754799643499672, 0.7503396552420837, 0.7484509912534221, 0.6598220466437855, 0.6498181267546764, 0.634257398446903, 0.6321285566196213, 0.6308640713414586, 0.6228560070334849, 0.6154258732771617, 0.6194321785783437, 0.6145295828336113, 0.6112728674277729, 0.6137284139854879, 0.6034760415667005, 0.6034464672330204, 0.6059825595842459, 0.6101971126702189, 0.611756630736066, 0.637518868330379, 0.6050715665235898, 0.6064796286599213, 0.6053460437665615, 0.6025230356657422, 0.61060599725757, 0.6129372320970402, 0.6058063717183627, 0.6046043591113762, 0.6033439629452935, 0.6116975722099058, 0.6028059944651658, 0.6169293656502807, 0.6020771004094855, 0.6047065510677523, 0.6244497060474533, 0.6090146562982344, 0.6032097239849767, 0.6043703582041338, 0.6169593360555075, 0.6098288334553105, 0.603979912575332, 0.6039416658599694, 0.6035287791765421, 0.6027768310006479, 0.6072845311384749, 0.6117349099450223, 0.6106440766431528, 0.6061225324887982, 0.6078526917997976, 0.6087010786718609], "test_acc": [0.8054327226784587, 0.8054327226784587, 0.8054327226784587, 0.8963992419456728, 0.9039797852179406, 0.9204042956411876, 0.9222994314592545, 0.9185091598231206, 0.9292482627921668, 0.9374605180037903, 0.9311433986102338, 0.936197094125079, 0.9387239418825016, 0.9374605180037903, 0.9494630448515476, 0.9469361970941251, 0.9444093493367025, 0.9412507896399241, 0.9393556538218573, 0.9115603284902085, 0.9463044851547694, 0.9444093493367025, 0.9450410612760581, 0.9481996209728364, 0.9399873657612129, 0.9374605180037903, 0.9450410612760581, 0.9463044851547694, 0.9481996209728364, 0.9393556538218573, 0.9481996209728364, 0.9336702463676564, 0.948831332912192, 0.9463044851547694, 0.9254579911560329, 0.9437776373973468, 0.9463044851547694, 0.9463044851547694, 0.9330385344283006, 0.9406190777005685, 0.9463044851547694, 0.9469361970941251, 0.9469361970941251, 0.948831332912192, 0.9437776373973468, 0.9393556538218573, 0.9399873657612129, 0.9437776373973468, 0.9437776373973468, 0.9418825015792799], "test_micro_f1": [0.8050132393836975, 0.8054654002189636, 0.8054654002189636, 0.8963696956634521, 0.9036436080932617, 0.9201197028160095, 0.922220766544342, 0.9182446599006653, 0.9295478463172913, 0.9376728534698486, 0.930292546749115, 0.9364228844642639, 0.9386968016624451, 0.9374467730522156, 0.9490957260131836, 0.9472739100456238, 0.9447739124298096, 0.9418749809265137, 0.9393218159675598, 0.9115957617759705, 0.946648895740509, 0.9445478320121765, 0.9444946646690369, 0.9485239386558533, 0.9399468302726746, 0.9376728534698486, 0.9451728463172913, 0.9464228749275208, 0.9476196765899658, 0.9390957355499268, 0.9482978582382202, 0.9339228868484497, 0.948922872543335, 0.9461967945098877, 0.9255717992782593, 0.9432446956634521, 0.9464228749275208, 0.9464228749275208, 0.9330717921257019, 0.9410239458084106, 0.946648895740509, 0.9472739100456238, 0.9465957283973694, 0.9491488933563232, 0.9439228773117065, 0.9393218159675598, 0.9397207498550415, 0.9436967968940735, 0.9439228773117065, 0.9422739148139954],