{"train_loss": [0.8832555351748551, 0.7479667115934766, 0.691275503373971, 0.6507729902277251, 0.6380722502864241, 0.6280266871420688, 0.6261554651867629, 0.6175824684410378, 0.6173625538879933, 0.6148903760549901, 0.6109427122599631, 0.6093868927700219, 0.6072978027192012, 0.599151649714684, 0.5866208956561433, 0.5799707348622837, 0.5749671834022593, 0.5709608685331786, 0.5697136083604563, 0.5688012302213793, 0.5718882059971856, 0.5669124800553536, 0.5655975280581803, 0.5641798270617, 0.5650921787181951, 0.5650779052092615, 0.568078545008551, 0.5630126870211539, 0.5655543369353335, 0.5642259766430553, 0.5643797481694781, 0.5650789019413178, 0.5647388924108069, 0.5620571253028107, 0.5631177252004602, 0.5636722696658125, 0.5664822290361464, 0.5630773099551063, 0.5612287505823094, 0.5631655040821733, 0.5609069337003283, 0.5628684352201051, 0.5606642530736322, 0.5623320359380574, 0.5607775435061191, 0.5610775420273588, 0.5598063364114066, 0.5605300594645666, 0.5619716770672689, 0.5602985463034656], "train_acc": [0.7761099699794596, 0.8325169853057355, 0.8783378100805814, 0.9112024016432296, 0.9186285353136356, 0.9270026860483489, 0.9270026860483489, 0.9363248538473693, 0.9347448254068573, 0.9366408595354716, 0.941064939168905, 0.9423289619213145, 0.9439089903618265, 0.954179175225154, 0.9676094169695054, 0.9745615421077579, 0.9780376046768842, 0.9816716700900616, 0.98277768999842, 0.9830936956865224, 0.9804076473376521, 0.9851477326591879, 0.9864117554115974, 0.987675778164007, 0.9868857639437509, 0.9868857639437509, 0.9837257070627271, 0.9887817980723653, 0.9854637383472903, 0.9873597724759046, 0.9872017696318534, 0.9865697582556486, 0.9867277610996998, 0.9895718122926213, 0.9884657923842629, 0.9878337810080582, 0.9851477326591879, 0.9883077895402117, 0.9903618265128772, 0.9881497866961605, 0.9905198293569284, 0.9887817980723653, 0.9908358350450308, 0.9886237952283141, 0.9908358350450308, 0.9903618265128772, 0.991783852109338, 0.9911518407331332, 0.98941380944857, 0.9911518407331332], "train_micro_f1": [0.7761363983154297, 0.8326136469841003, 0.878428041934967, 0.9112563729286194, 0.918630063533783, 0.9270391464233398, 0.9269949197769165, 0.9363510608673096, 0.934772789478302, 0.9367108345031738, 0.9410416483879089, 0.942304253578186, 0.9438384175300598, 0.9542297720909119, 0.9676452279090881, 0.9745896458625793, 0.978061854839325, 0.9816918969154358, 0.9827967286109924, 0.9830682277679443, 0.9803408980369568, 0.9851641654968262, 0.9863826036453247, 0.9875568151473999, 0.986900269985199, 0.986900269985199, 0.9837436676025391, 0.988794207572937, 0.9854797720909119, 0.9873737096786499, 0.9872159361839294, 0.9865846037864685, 0.9867424368858337, 0.9895833134651184, 0.988434374332428, 0.9878472089767456, 0.9851641654968262, 0.9883207082748413, 0.9903724789619446, 0.9881628751754761, 0.9905303120613098, 0.988794207572937, 0.9908459782600403, 0.9886363744735718, 0.9908018112182617, 0.9903724789619446, 0.9917487502098083, 0.9911616444587708, 0.9894254803657532, 0.9911174774169922], "train_macro_f1": [0.2940834164619446, 0.4106937646865845, 0.5243282318115234, 0.5783281922340393, 0.587838888168335, 0.5991964936256409, 0.5979382395744324, 0.6137195825576782, 0.6111090183258057, 0.6128808856010437, 0.618323802947998, 0.6163875460624695, 0.6232468485832214, 0.6939092874526978, 0.7990782856941223, 0.8319026827812195, 0.8626067042350769, 0.8657752275466919, 0.8615233898162842, 0.8743844032287598, 0.8625733852386475, 0.8797209858894348, 0.8846350908279419, 0.8898159861564636, 0.8763251304626465, 0.8732309937477112, 0.8633264899253845, 0.8913881778717041, 0.885396420955658, 0.8777058720588684, 0.8871943950653076, 0.8857385516166687, 0.8889577984809875, 0.8856724500656128, 0.8914980888366699, 0.8897866010665894, 0.881923496723175, 0.9177039265632629, 0.8952866196632385, 0.882486879825592, 0.8959267139434814, 0.904293417930603, 0.8978827595710754, 0.9015076756477356, 0.8929370045661926, 0.9012643694877625, 0.89580237865448, 0.8975516557693481, 0.8837898373603821, 0.9073048830032349], "test_loss": [0.7756570771910763, 0.6996897831794512, 0.6663554642144743, 0.6513795566122064, 0.6419759275637619, 0.6470784467003124, 0.6445499676281489, 0.6374022428249906, 0.629783145287936, 0.638848164302973, 0.6314768674098007, 0.6491140517643261, 0.6246680877890981, 0.6238805102307964, 0.6190517604991144, 0.6148721478968877, 0.6151220991275617, 0.6167061781476588, 0.6159485622214428, 0.6204151312008133, 0.6122314423153239, 0.6174824818055689, 0.6138584827292365, 0.6143933698036064, 0.6310971497886932, 0.6143143953813154, 0.6130076905104155, 0.6120772818485846, 0.6191887460550175, 0.6156409142594208, 0.6115203447832913, 0.6334250366770611, 0.6081043413674915, 0.6093071787250396, 0.6160064129534207, 0.616379732319018, 0.6010288381531355, 0.6099889872575665, 0.627939178042975, 0.617778139180649, 0.6101878324943634, 0.6107183251287541, 0.6131807829259848, 0.613645076676403, 0.6096870901836147, 0.610873458924658, 0.6078820465413814, 0.6087805695798829, 0.6101000605319319, 0.6113949979097122], "test_acc": [0.8054327226784587, 0.8755527479469362, 0.8957675300063171, 0.9039797852179406, 0.9109286165508528, 0.9046114971572963, 0.9065066329753633, 0.9128237523689198, 0.9210360075805433, 0.9115603284902085, 0.9166140240050537, 0.9001895135818067, 0.9267214150347441, 0.9267214150347441, 0.9336702463676564, 0.9368288060644346, 0.9349336702463676, 0.932406822488945, 0.9349336702463676, 0.9286165508528111, 0.9380922299431459, 0.934301958307012, 0.9349336702463676, 0.9368288060644346, 0.919772583701832, 0.9355653821857233, 0.9380922299431459, 0.9380922299431459, 0.932406822488945, 0.934301958307012, 0.9374605180037903, 0.915982312065698, 0.9431459254579911, 0.9425142135186355, 0.9349336702463676, 0.934301958307012, 0.9500947567909034, 0.9399873657612129, 0.9235628553379659, 0.9336702463676564, 0.9399873657612129, 0.9393556538218573, 0.936197094125079, 0.936197094125079, 0.9412507896399241, 0.9399873657612129, 0.9425142135186355, 0.9425142135186355, 0.9399873657612129, 0.9393556538218573], "test_micro_f1": [0.8045611381530762, 0.875970721244812, 0.8957446813583374, 0.9038696885108948, 0.9107446670532227, 0.9044947028160095, 0.9061436057090759, 0.9123936295509338, 0.9214228391647339, 0.9113696813583374, 0.9168217778205872, 0.9012500047683716, 0.9265957474708557, 0.9274999499320984, 0.9336968064308167, 0.9361436367034912, 0.9349467754364014, 0.9328989386558533, 0.93449467420578, 0.9282447099685669, 0.937619686126709, 0.9347739219665527, 0.9347207546234131, 0.9368218183517456, 0.9188165068626404, 0.9355717897415161, 0.9380717873573303, 0.9382978677749634, 0.9322207570075989, 0.9340957403182983, 0.9372207522392273, 0.9161968231201172, 0.9432978630065918, 0.9428989291191101, 0.9347207546234131, 0.9345478415489197, 0.9506250023841858, 0.9401728510856628, 0.9234707355499268, 0.9334707260131836, 0.9394946694374084, 0.9388696551322937, 0.9364228844642639, 0.9364228844642639, 0.9407446980476379, 0.9397207498550415, 0.9428989291191101, 0.9422207474708557, 0.9394946694374084, 0.9388696551322937],