{"train_loss": [0.9542381255561508, 0.9225303745605046, 0.9147143887576945, 0.8907841341174182, 0.8637690762054074, 0.8538812098109076, 0.8506808434265035, 0.838649362782427, 0.8460017910668929, 0.834572772389058, 0.8319316423227482, 0.8172864523294093, 0.8274042781428865, 0.8165085581566113, 0.8167074232478903, 0.8199201446231987, 0.8112339636013395, 0.8101887792504254, 0.8089660262210163, 0.8042823123713394, 0.804815952869026, 0.8048373229659213, 0.8056777595607265, 0.7953823232541511, 0.7949151993457091, 0.7959071560519286, 0.7989670494793527, 0.7978279824824973, 0.7987289794117829, 0.7921365710829724, 0.796304112118103, 0.7965099158624579, 0.795034547989017, 0.801996380330865, 0.7927744329060437, 0.7978493024866282, 0.7900427725289101, 0.787287646785395, 0.7916828578805675, 0.7916807761819917, 0.7964188932600246, 0.7903841242516733, 0.792316522468679, 0.794642986421017, 0.7956518440624044, 0.797330459687246, 0.7869844939268338, 0.7860243326492418, 0.7885721113599294, 0.7883063437230856], "train_acc": [0.46800442407963344, 0.47874861747511455, 0.47874861747511455, 0.5016590298625375, 0.5223574024332438, 0.5312055617001106, 0.5277294991309843, 0.5425817664717965, 0.5286775161952915, 0.5424237636277452, 0.5421077579396429, 0.5621741191341444, 0.5414757465634381, 0.5602780850055301, 0.5564860167483014, 0.5430557750039501, 0.5572760309685574, 0.5585400537209669, 0.5574340338126086, 0.562648127666298, 0.5591720650971718, 0.5612261020698373, 0.5579080423447622, 0.574972349502291, 0.5722863011534207, 0.5722863011534207, 0.5662821930794755, 0.5662821930794755, 0.5628061305103492, 0.5722863011534207, 0.5669142044556802, 0.5670722072997314, 0.5692842471164481, 0.5564860167483014, 0.571654289777216, 0.5643861589508611, 0.573234318217728, 0.5771843893190077, 0.5705482698688576, 0.5677042186759361, 0.5665981987675778, 0.5719702954653184, 0.5707062727129089, 0.5613841049138885, 0.5696002528045505, 0.5583820508769158, 0.5702322641807552, 0.5744983409701374, 0.5707062727129089, 0.5692842471164481], "train_micro_f1": [0.46792930364608765, 0.47870582342147827, 0.4786616265773773, 0.5016793012619019, 0.5222222208976746, 0.5311490297317505, 0.5275442004203796, 0.542822003364563, 0.5286679267883301, 0.542398989200592, 0.5421717166900635, 0.5622159242630005, 0.5412752628326416, 0.560189425945282, 0.5565341114997864, 0.5431186556816101, 0.5572790503501892, 0.5585416555404663, 0.5573926568031311, 0.5626451969146729, 0.5592613816261292, 0.5611805319786072, 0.5579545497894287, 0.574823260307312, 0.5723611116409302, 0.5723168849945068, 0.5661869049072266, 0.5664520263671875, 0.5629355907440186, 0.5724052786827087, 0.5672159194946289, 0.5671969652175903, 0.569229781627655, 0.5566225051879883, 0.5717740058898926, 0.5644254684448242, 0.5732196569442749, 0.5769444704055786, 0.5705366134643555, 0.567518949508667, 0.5665466785430908, 0.572089672088623, 0.5706944465637207, 0.5614709854125977, 0.569678008556366, 0.558207094669342, 0.5700883865356445, 0.5743939280509949, 0.5708270072937012, 0.5694065690040588], "train_macro_f1": [0.27575838565826416, 0.2780162990093231, 0.28048843145370483, 0.30197152495384216, 0.328081339597702, 0.33225008845329285, 0.3349672257900238, 0.34623491764068604, 0.34419938921928406, 0.3776437044143677, 0.3800225555896759, 0.41896000504493713, 0.39632484316825867, 0.4290788173675537, 0.4403999149799347, 0.4428243637084961, 0.4511179029941559, 0.45353710651397705, 0.46878698468208313, 0.4868221580982208, 0.47181618213653564, 0.45175907015800476, 0.4490952789783478, 0.48035019636154175, 0.4914642870426178, 0.4880727231502533, 0.46689119935035706, 0.4755690097808838, 0.4578430950641632, 0.483015775680542, 0.4790990352630615, 0.4646146893501282, 0.4902946650981903, 0.4633792042732239, 0.48558688163757324, 0.47694361209869385, 0.49002906680107117, 0.48190635442733765, 0.4796280562877655, 0.491597980260849, 0.4625961184501648, 0.4912928640842438, 0.48622095584869385, 0.48660242557525635, 0.4826697111129761, 0.4828607141971588, 0.49929162859916687, 0.48708540201187134, 0.4767681062221527, 0.4793730080127716], "test_loss": [0.8079986718359132, 0.7896041921325221, 0.782795205458161, 0.7251398421809858, 0.6863869753579738, 0.6755575061748093, 0.6722674700028521, 0.6764764990598735, 0.6939420734337441, 0.6705719706610043, 0.6883645386388614, 0.6608894751257183, 0.6522270376292196, 0.6444929252676924, 0.637262602132555, 0.6434283663935851, 0.6369803789214702, 0.6427582551690497, 0.6292187702181364, 0.6310177134021655, 0.6332806936186924, 0.6363837612782259, 0.636007579308255, 0.6319597396230066, 0.6272255114867427, 0.632049061494467, 0.6275564042812499, 0.6264577567464403, 0.6243894981645137, 0.6243268257443542, 0.6280479605485575, 0.6334624247918458, 0.675194167744413, 0.6410423351930653, 0.6205034801572918, 0.6372523440715262, 0.6357079546660919, 0.6264414272576438, 0.624031401215214, 0.629037925320491, 0.6260787777259089, 0.6462235436059972, 0.6188157177468455, 0.6155003080319846, 0.6228883174199209, 0.6172891080341834, 0.6175455475862615, 0.6161396468431228, 0.6188757318299704, 0.6209565795680352], "test_acc": [0.8054327226784587, 0.8054327226784587, 0.8054327226784587, 0.8654453569172458, 0.8970309538850284, 0.9065066329753633, 0.9071383449147189, 0.899557801642451, 0.8774478837650032, 0.903348073278585, 0.881238155401137, 0.9102969046114971, 0.9210360075805433, 0.9267214150347441, 0.9349336702463676, 0.930511686670878, 0.9355653821857233, 0.9248262792166771, 0.9393556538218573, 0.9336702463676564, 0.9336702463676564, 0.9286165508528111, 0.9279848389134555, 0.9349336702463676, 0.936197094125079, 0.9292482627921668, 0.9336702463676564, 0.936197094125079, 0.9380922299431459, 0.9368288060644346, 0.9349336702463676, 0.9254579911560329, 0.8837650031585597, 0.9166140240050537, 0.9406190777005685, 0.919772583701832, 0.9216677195198989, 0.9311433986102338, 0.9336702463676564, 0.9298799747315224, 0.9349336702463676, 0.9121920404295641, 0.9387239418825016, 0.9456727732154138, 0.936197094125079, 0.9399873657612129, 0.9399873657612129, 0.9412507896399241, 0.9399873657612129, 0.9336702463676564], "test_micro_f1": [0.8045611381530762, 0.8052393198013306, 0.8032047748565674, 0.8655186295509338, 0.8969947099685669, 0.906369686126709, 0.9065425395965576, 0.899042546749115, 0.8769415020942688, 0.9034707546234131, 0.8804653882980347, 0.9101197123527527, 0.9211968183517456, 0.927047848701477, 0.9351728558540344, 0.9305717945098877, 0.9357978701591492, 0.9244946837425232, 0.9377393126487732, 0.934148907661438, 0.9332447052001953, 0.9289228320121765, 0.9280717968940735, 0.9351728558540344, 0.9364228844642639, 0.9295478463172913, 0.9339228868484497, 0.9359707236289978, 0.9387499690055847, 0.9370478391647339, 0.9351728558540344, 0.9255717992782593, 0.8843218088150024, 0.9161435961723328, 0.9412499666213989, 0.9194946885108948, 0.9218217730522156, 0.9311968088150024, 0.9336968064308167, 0.9292685985565186, 0.9351728558540344, 0.9126728773117065, 0.9386968016624451, 0.9460239410400391, 0.9366489052772522, 0.9394946694374084, 0.9392686486244202, 0.9409707188606262, 0.9401728510856628, 0.934374988079071],