{"train_loss": [0.891235445927888, 0.7497566308355912, 0.682596512909918, 0.6562240829699826, 0.6452417522268586, 0.6363109932406892, 0.628026703076823, 0.6220075637266936, 0.6162576509663459, 0.6134079717162059, 0.6105241261588621, 0.6114961616536003, 0.6077475682275332, 0.6014334135926491, 0.5953626719144947, 0.5879648513827096, 0.5827937267142688, 0.5775754519088289, 0.5764527939416575, 0.5705658792601809, 0.5722390466588503, 0.5689214676416096, 0.5680080392967564, 0.567548156990073, 0.5671064108539521, 0.5674341281719693, 0.5665482014234003, 0.5640360750299171, 0.5635685530163173, 0.5632593996492037, 0.56521188954754, 0.5655743253986348, 0.5642499722826442, 0.5624173863613318, 0.5623366925309179, 0.5669363720531165, 0.5619520748804899, 0.5616093448485822, 0.5615910454127137, 0.5633231860744876, 0.56194702207543, 0.5661194612204247, 0.562341708814124, 0.5607821226383691, 0.5599743926538301, 0.56199945252095, 0.5598535360196017, 0.5637700261992854, 0.5597713439267551, 0.5596469181053709], "train_acc": [0.7895402117238111, 0.853373360720493, 0.8987201769631853, 0.9129404329277927, 0.9178385210933797, 0.9222626007268131, 0.928740717332912, 0.9325327855901406, 0.93774687944383, 0.9402749249486491, 0.942644967609417, 0.9407489334808027, 0.9440669932058777, 0.9505451098119766, 0.9603412861431506, 0.9658713856849424, 0.9715594880707853, 0.9756675620161163, 0.9766155790804234, 0.9824616843103176, 0.9804076473376521, 0.9829356928424712, 0.9843577184389319, 0.9848317269710855, 0.9849897298151367, 0.9845157212829831, 0.9849897298151367, 0.9879917838521093, 0.9881497866961605, 0.9886237952283141, 0.9862537525675462, 0.9859377468794438, 0.9875177753199558, 0.9895718122926213, 0.98941380944857, 0.9851477326591879, 0.9895718122926213, 0.9900458208247749, 0.9898878179807237, 0.9878337810080582, 0.98941380944857, 0.9853057355032391, 0.9892558066045188, 0.9906778322009796, 0.9916258492652867, 0.9895718122926213, 0.9916258492652867, 0.9875177753199558, 0.991783852109338, 0.9919418549533892], "train_micro_f1": [0.7895517945289612, 0.8534469604492188, 0.8986552953720093, 0.9129924774169922, 0.917664110660553, 0.9222159385681152, 0.9288194179534912, 0.9326072931289673, 0.9377714991569519, 0.9401641488075256, 0.9425315260887146, 0.9407702088356018, 0.9439520239830017, 0.9505555629730225, 0.9603850841522217, 0.9658649563789368, 0.9715025424957275, 0.9756503105163574, 0.9766414165496826, 0.982481062412262, 0.9804292917251587, 0.9829103946685791, 0.9843308329582214, 0.9848484992980957, 0.9850063323974609, 0.9845328330993652, 0.9850063323974609, 0.9880050420761108, 0.9881628751754761, 0.9885479807853699, 0.986268937587738, 0.9859532713890076, 0.9875315427780151, 0.9895833134651184, 0.9894254803657532, 0.9851641654968262, 0.9895833134651184, 0.9900568127632141, 0.9898989796638489, 0.9878472089767456, 0.9894254803657532, 0.9852778315544128, 0.9892676472663879, 0.9905997514724731, 0.9916350841522217, 0.9895833134651184, 0.9915909171104431, 0.9874874353408813, 0.9917929172515869, 0.9919507503509521], "train_macro_f1": [0.30684328079223633, 0.46918347477912903, 0.5511519908905029, 0.5802660584449768, 0.5905977487564087, 0.5927816033363342, 0.6039291620254517, 0.6081678867340088, 0.6130463480949402, 0.6178642511367798, 0.6208136677742004, 0.6203678250312805, 0.623592734336853, 0.6626057624816895, 0.7617339491844177, 0.7908884882926941, 0.818564772605896, 0.8483288884162903, 0.8518890142440796, 0.8640555143356323, 0.8648176193237305, 0.8582618236541748, 0.8719497919082642, 0.8866042494773865, 0.8973820805549622, 0.8691192269325256, 0.8794803619384766, 0.8908812403678894, 0.8841713666915894, 0.8759449124336243, 0.882911205291748, 0.8886083960533142, 0.8899157047271729, 0.8856498003005981, 0.8797451257705688, 0.8988574147224426, 0.874613881111145, 0.8887841701507568, 0.8934134244918823, 0.8781911730766296, 0.9003149271011353, 0.8734156489372253, 0.886502742767334, 0.9059213995933533, 0.8990665674209595, 0.8905901908874512, 0.8974975347518921, 0.8934284448623657, 0.9012893438339233, 0.8989102840423584], "test_loss": [0.777179810417956, 0.6963420241073348, 0.6642529901566568, 0.6539423711226097, 0.6441959131765577, 0.6546970358093706, 0.6392594192574766, 0.6391777707215585, 0.6375154212390179, 0.6357488497404531, 0.6279242542900018, 0.6486533160685589, 0.6352039433248572, 0.6230443876450829, 0.6264597880109833, 0.615500856146207, 0.6196890287360133, 0.6136302254806948, 0.6059203815098737, 0.6092665030168568, 0.6111357010246754, 0.614447350601418, 0.6162358063048979, 0.6185030904813273, 0.6125315294488652, 0.611101080440526, 0.6129820618686688, 0.6180444689995868, 0.6122060640657995, 0.6101539499836486, 0.6372271392892149, 0.6133409004684347, 0.6091223451357737, 0.6111023396310066, 0.6326965294679509, 0.6126929643556278, 0.6134828785063718, 0.6112793817297236, 0.6216734357446488, 0.6093869516914281, 0.61740738526222, 0.6259594777680166, 0.6109477280817375, 0.6110730591034181, 0.6028998195560236, 0.6134731317726179, 0.6172784075884599, 0.6112131434230961, 0.6155740582935432, 0.6077132199432604], "test_acc": [0.8458622867972204, 0.8900821225521163, 0.9077700568540745, 0.9084017687934302, 0.914087176247631, 0.9020846493998737, 0.9134554643082754, 0.914087176247631, 0.9147188881869868, 0.9166140240050537, 0.9235628553379659, 0.899557801642451, 0.9128237523689198, 0.9260897030953885, 0.9235628553379659, 0.9393556538218573, 0.9311433986102338, 0.9374605180037903, 0.9450410612760581, 0.9412507896399241, 0.9399873657612129, 0.9374605180037903, 0.934301958307012, 0.930511686670878, 0.9380922299431459, 0.9412507896399241, 0.9349336702463676, 0.9317751105495894, 0.9368288060644346, 0.9406190777005685, 0.9134554643082754, 0.9380922299431459, 0.9406190777005685, 0.9406190777005685, 0.9166140240050537, 0.936197094125079, 0.9368288060644346, 0.9399873657612129, 0.9292482627921668, 0.9431459254579911, 0.9336702463676564, 0.9241945672773215, 0.9399873657612129, 0.9393556538218573, 0.9463044851547694, 0.9368288060644346, 0.932406822488945, 0.9387239418825016, 0.934301958307012, 0.9431459254579911], "test_micro_f1": [0.8456915020942688, 0.8896675705909729, 0.9078457355499268, 0.907566487789154, 0.9138696789741516, 0.9017686247825623, 0.913696825504303, 0.914547860622406, 0.9149467945098877, 0.9170478582382202, 0.9234707355499268, 0.8999468088150024, 0.9132978320121765, 0.925970733165741, 0.9234707355499268, 0.9393218159675598, 0.9307447075843811, 0.9372207522392273, 0.9442686438560486, 0.9414228796958923, 0.9403989315032959, 0.9378989338874817, 0.933643639087677, 0.9298936128616333, 0.9382978677749634, 0.9409707188606262, 0.9353989362716675, 0.9313696622848511, 0.9365957379341125, 0.9405717849731445, 0.9134707450866699, 0.937845766544342, 0.9405717849731445, 0.9405717849731445, 0.9168217778205872, 0.9359707236289978, 0.9363696575164795, 0.9399468302726746, 0.9297739267349243, 0.9426196813583374, 0.9336968064308167, 0.9240957498550415, 0.9397207498550415, 0.9388696551322937, 0.9468749761581421, 0.9370478391647339, 0.9324467778205872, 0.9386968016624451, 0.9340957403182983, 0.9432978630065918],