{"train_loss": [0.8297517718551547, 0.7541158865424463, 0.7125766988161485, 0.663477069752573, 0.6400741381015347, 0.6282406779125905, 0.626924369690787, 0.6187454876241987, 0.6094459086953228, 0.5997248499629659, 0.5887152775333361, 0.5836197060419119, 0.5794031171554599, 0.5742093284447661, 0.5723877945562583, 0.5703329637371207, 0.5718486945217378, 0.5688951030729091, 0.5700725025429245, 0.5692091119630319, 0.5669847274489606, 0.565949816654071, 0.566498107039207, 0.563429681483293, 0.5641836474472585, 0.566924770939951, 0.5640488261765149, 0.5629568165146094, 0.5616380714337998, 0.5641389595123052, 0.5633152708432406, 0.5617542735093916, 0.5623983964288681, 0.5631714203776219, 0.5640391900859977, 0.562004110686567, 0.5630546720658156, 0.5609754916050362, 0.5608544713287938, 0.5637919578644163, 0.5616262017559865, 0.5621614768656157, 0.560168511759408, 0.5616125834931843, 0.5590488200956921, 0.5613972359988941, 0.560366305869457, 0.5594923412711309, 0.5588135676260412, 0.5586053543246025], "train_acc": [0.7629957339232106, 0.8126086269552852, 0.8491072839311108, 0.8946121030178543, 0.9165744983409702, 0.9266866803602465, 0.9262126718280929, 0.9325327855901406, 0.9442249960499289, 0.9554431979775636, 0.9657133828408911, 0.9696634539421709, 0.9739295307315532, 0.9788276188971401, 0.9805656501817033, 0.9823036814662663, 0.9804076473376521, 0.9832516985305736, 0.9818296729341128, 0.98277768999842, 0.9846737241270342, 0.9859377468794438, 0.9851477326591879, 0.9884657923842629, 0.9875177753199558, 0.9843577184389319, 0.987675778164007, 0.9884657923842629, 0.9902038236688261, 0.987675778164007, 0.9884657923842629, 0.9898878179807237, 0.9890978037604677, 0.9884657923842629, 0.9872017696318534, 0.98941380944857, 0.9884657923842629, 0.9905198293569284, 0.9905198293569284, 0.9878337810080582, 0.9898878179807237, 0.98941380944857, 0.9914678464212355, 0.9895718122926213, 0.9925738663295939, 0.9900458208247749, 0.9911518407331332, 0.9919418549533892, 0.9927318691736451, 0.9928898720176963], "train_micro_f1": [0.7631250023841858, 0.8126388788223267, 0.8491414189338684, 0.8945959806442261, 0.9165782928466797, 0.9267235398292542, 0.9262058138847351, 0.9322980046272278, 0.9442866444587708, 0.9554924368858337, 0.9657071232795715, 0.9696969985961914, 0.9739583134651184, 0.9787184596061707, 0.9805871248245239, 0.9823232293128967, 0.9804292917251587, 0.9832702279090881, 0.9818055629730225, 0.9827967286109924, 0.9846906661987305, 0.9859532713890076, 0.9851199984550476, 0.9884785413742065, 0.9875315427780151, 0.984375, 0.9876893758773804, 0.9884785413742065, 0.9902146458625793, 0.9876893758773804, 0.9884785413742065, 0.9898989796638489, 0.9891098737716675, 0.9884785413742065, 0.9872159361839294, 0.9894254803657532, 0.9884785413742065, 0.9904419183731079, 0.9905303120613098, 0.9878472089767456, 0.9898989796638489, 0.9893370866775513, 0.9914772510528564, 0.9895833134651184, 0.9925820827484131, 0.9900126457214355, 0.9911616444587708, 0.9919507503509521, 0.9927399158477783, 0.9928977489471436], "train_macro_f1": [0.28807032108306885, 0.3420848250389099, 0.4537511169910431, 0.5524521470069885, 0.5859920382499695, 0.6022915840148926, 0.6007009744644165, 0.60878586769104, 0.6726490259170532, 0.7559570074081421, 0.8207978010177612, 0.8314643502235413, 0.8453090786933899, 0.8651681542396545, 0.8712476491928101, 0.8917803764343262, 0.8736022710800171, 0.8815855383872986, 0.887750506401062, 0.8790091276168823, 0.8827564120292664, 0.8799509406089783, 0.8826935887336731, 0.9000841975212097, 0.8928983211517334, 0.8879572749137878, 0.8948954343795776, 0.8860976696014404, 0.9005007743835449, 0.8839011788368225, 0.8933524489402771, 0.8981282114982605, 0.8921893239021301, 0.882314920425415, 0.8995490670204163, 0.8963571190834045, 0.8920472264289856, 0.9017782211303711, 0.8889538645744324, 0.8857033252716064, 0.9091123342514038, 0.8981144428253174, 0.9066718220710754, 0.8984751105308533, 0.8968419432640076, 0.8908439874649048, 0.9026944637298584, 0.8998134732246399, 0.90757155418396, 0.8934712409973145], "test_loss": [0.7632838223677832, 0.7232176523681539, 0.7019017260434578, 0.6479869443483166, 0.6646296217406918, 0.6499926522797749, 0.6338893568975144, 0.6267880771782153, 0.6219530208383417, 0.6129002555291712, 0.6139479432765698, 0.6151207150798468, 0.6088357730447982, 0.6066695861024188, 0.604717743675391, 0.6371234506274505, 0.6070404705260272, 0.6142975326512181, 0.6123049719305033, 0.6069170037403335, 0.609950250225284, 0.6033865052616001, 0.606868093479154, 0.6128260643513836, 0.6062386447089575, 0.6093574264195624, 0.6060599439217934, 0.6099952014653802, 0.6086255305564938, 0.612956956716105, 0.6091983834174488, 0.608246804827463, 0.615494596001775, 0.6117980238085522, 0.6039453646237536, 0.6131523495524727, 0.605315191453571, 0.6228649667826018, 0.636792885677316, 0.6078696261458357, 0.6037831002598086, 0.6063068225951566, 0.6006129952600615, 0.6019824742517814, 0.6058530216343555, 0.6043656604318625, 0.6030911865372938, 0.6071848479239005, 0.614596994820834, 0.6051104225392441], "test_acc": [0.8054327226784587, 0.8389134554643083, 0.8553379658875553, 0.9077700568540745, 0.8888186986734049, 0.903348073278585, 0.917877447883765, 0.9235628553379659, 0.9317751105495894, 0.9406190777005685, 0.9393556538218573, 0.934301958307012, 0.9425142135186355, 0.9444093493367025, 0.9456727732154138, 0.9128237523689198, 0.9437776373973468, 0.9368288060644346, 0.9399873657612129, 0.9444093493367025, 0.9412507896399241, 0.9481996209728364, 0.9444093493367025, 0.9393556538218573, 0.9450410612760581, 0.9406190777005685, 0.9425142135186355, 0.9406190777005685, 0.9425142135186355, 0.9380922299431459, 0.9412507896399241, 0.9431459254579911, 0.9349336702463676, 0.9387239418825016, 0.9469361970941251, 0.9374605180037903, 0.9456727732154138, 0.9273531269740998, 0.9128237523689198, 0.9444093493367025, 0.9463044851547694, 0.9444093493367025, 0.950726468730259, 0.948831332912192, 0.9437776373973468, 0.9469361970941251, 0.9475679090334808, 0.9444093493367025, 0.9355653821857233, 0.9469361970941251], "test_micro_f1": [0.8052393198013306, 0.8392686247825623, 0.8546143174171448, 0.9076196551322937, 0.8893218040466309, 0.9027925729751587, 0.9173936247825623, 0.9232446551322937, 0.9318218231201172, 0.9403457641601562, 0.9386436343193054, 0.933643639087677, 0.9419946670532227, 0.9440957307815552, 0.9460239410400391, 0.9128457307815552, 0.9441488981246948, 0.9365957379341125, 0.9406249523162842, 0.9443218111991882, 0.9418749809265137, 0.9480717778205872, 0.9445478320121765, 0.9390957355499268, 0.9453989267349243, 0.9407978653907776, 0.9424468278884888, 0.9407978653907776, 0.9424468278884888, 0.9382978677749634, 0.9416489005088806, 0.9432978630065918, 0.9347207546234131, 0.9386968016624451, 0.9472739100456238, 0.9374467730522156, 0.945571780204773, 0.9274467825889587, 0.9126197099685669, 0.9445478320121765, 0.945292592048645, 0.9447739124298096, 0.9498936533927917, 0.9491488933563232, 0.9436967968940735, 0.9468218088150024, 0.9476728439331055, 0.9436436295509338, 0.9362499713897705, 0.9470478892326355],