{"train_loss": [0.825870898478516, 0.7217759673187454, 0.6540105879674084, 0.6383376167950274, 0.6307196320657162, 0.6237145162321867, 0.6208650395945173, 0.61734830342418, 0.6154122078356575, 0.6134382817187304, 0.6146321729058657, 0.6126955265229602, 0.6101922495498121, 0.60808454530464, 0.6061652514828685, 0.6025543808842896, 0.5924241968590532, 0.5821616465699938, 0.5769970495848883, 0.5737038904088503, 0.5728038150677656, 0.5712921707282456, 0.5719996505974781, 0.5688290351524721, 0.5666408795827484, 0.5662838533075712, 0.566401033138547, 0.5690775539170962, 0.5669246931873918, 0.5665929004147373, 0.5667476658855763, 0.5643395529593463, 0.5646658712775245, 0.5639287216777503, 0.5636667678811611, 0.5608493406581623, 0.5619852377879034, 0.5614067520984524, 0.561282394103368, 0.5609279891705886, 0.5622524062139499, 0.563469192760969, 0.5643526001797032, 0.5623338446362471, 0.5617737847870796, 0.5612608517755131, 0.5615717323400112, 0.5610518893146048, 0.5621602634322043, 0.559441131953286], "train_acc": [0.7975983567704219, 0.8348870279665034, 0.9014062253120556, 0.9145204613683047, 0.9214725865065572, 0.9290567230210144, 0.9303207457734239, 0.9345868225628061, 0.9360088481592669, 0.9379048822878812, 0.9364828566914204, 0.9382208879759836, 0.9412229420129562, 0.9431189761415706, 0.9446990045820824, 0.9464370358666456, 0.959867277610997, 0.9709274766945805, 0.9751935534839627, 0.977879601832833, 0.9791436245852425, 0.9800916416495496, 0.9799336388054986, 0.9826196871543688, 0.9853057355032391, 0.9854637383472903, 0.9851477326591879, 0.9823036814662663, 0.9845157212829831, 0.9848317269710855, 0.9849897298151367, 0.9870437667878021, 0.9868857639437509, 0.9872017696318534, 0.987675778164007, 0.9908358350450308, 0.9892558066045188, 0.9902038236688261, 0.9902038236688261, 0.9905198293569284, 0.9890978037604677, 0.987675778164007, 0.9868857639437509, 0.9889398009164165, 0.9898878179807237, 0.9903618265128772, 0.9898878179807237, 0.9903618265128772, 0.98941380944857, 0.9919418549533892], "train_micro_f1": [0.7976452112197876, 0.8350253105163574, 0.9014267325401306, 0.9145265221595764, 0.921515166759491, 0.9290909171104431, 0.930353581905365, 0.9346149563789368, 0.9360795617103577, 0.9378851056098938, 0.9364205002784729, 0.9382891654968262, 0.9411553144454956, 0.9430934190750122, 0.9446275234222412, 0.9462752938270569, 0.9599116444587708, 0.9709596037864685, 0.9752209782600403, 0.9778598546981812, 0.9791666865348816, 0.9800694584846497, 0.979955792427063, 0.9825947284698486, 0.9853219389915466, 0.9854797720909119, 0.9851641654968262, 0.9823232293128967, 0.9845328330993652, 0.9848484992980957, 0.9850063323974609, 0.9870581030845642, 0.9868561029434204, 0.9871717691421509, 0.9876893758773804, 0.9908459782600403, 0.9892676472663879, 0.9901704788208008, 0.9902146458625793, 0.9905303120613098, 0.9891098737716675, 0.9876893758773804, 0.986900269985199, 0.9889078736305237, 0.9898989796638489, 0.9903724789619446, 0.9898989796638489, 0.9903724789619446, 0.9894254803657532, 0.9919507503509521], "train_macro_f1": [0.2963666319847107, 0.42010366916656494, 0.5631392598152161, 0.5801873803138733, 0.5948840379714966, 0.6029799580574036, 0.605695366859436, 0.6102154850959778, 0.6155493259429932, 0.6176050901412964, 0.6143635511398315, 0.6187065243721008, 0.6206623911857605, 0.6233310103416443, 0.6255047917366028, 0.6346863508224487, 0.7602638602256775, 0.8141526579856873, 0.841898500919342, 0.8596543669700623, 0.85428386926651, 0.8540128469467163, 0.8589937686920166, 0.856443464756012, 0.8659841418266296, 0.8756579756736755, 0.883784294128418, 0.8718674778938293, 0.8842015266418457, 0.8833233714103699, 0.8793683052062988, 0.8873666524887085, 0.8803540468215942, 0.8767074346542358, 0.893033504486084, 0.8899086713790894, 0.8941869735717773, 0.8928167223930359, 0.8811447620391846, 0.8924352526664734, 0.89351487159729, 0.8950225114822388, 0.8989402651786804, 0.8829030394554138, 0.8965314626693726, 0.8902820348739624, 0.9033392667770386, 0.9041803479194641, 0.8920992612838745, 0.9061712622642517], "test_loss": [0.750038696894221, 0.662289662068958, 0.6693062918967864, 0.6413196940928114, 0.6484337655035514, 0.6476444829813077, 0.6450591817432314, 0.6438739799429025, 0.6333417644323011, 0.6370262662896008, 0.631979504154215, 0.6359663347767187, 0.6352424554559752, 0.6305854921467456, 0.6313648999151518, 0.6333695962996854, 0.6174527400291501, 0.6162234319212764, 0.6117855733282869, 0.614867252860729, 0.6172211397620446, 0.6127737405099827, 0.6139476938256717, 0.6259757667422219, 0.6081734523318345, 0.6094210635840102, 0.6138018751099226, 0.6191193054389592, 0.6389941203390882, 0.6232921747338975, 0.6039642142255474, 0.6233518963664375, 0.6145202691842692, 0.6317266358729788, 0.6111265647961079, 0.611618685556678, 0.6103821034606167, 0.6109472211975127, 0.613960224544407, 0.6078204319812945, 0.6105711247750799, 0.6063337690530514, 0.6188940016513976, 0.608047412342462, 0.6197814041876898, 0.6098381583252362, 0.6066237062648814, 0.6107659716810973, 0.6091150829329645, 0.6107301516240711], "test_acc": [0.8054327226784587, 0.897662665824384, 0.8806064434617814, 0.9090334807327859, 0.9027163613392293, 0.901452937460518, 0.9058749210360075, 0.9058749210360075, 0.9153506001263424, 0.9134554643082754, 0.9191408717624763, 0.9153506001263424, 0.9147188881869868, 0.919772583701832, 0.9191408717624763, 0.9147188881869868, 0.9349336702463676, 0.9330385344283006, 0.9399873657612129, 0.9355653821857233, 0.9330385344283006, 0.9380922299431459, 0.9349336702463676, 0.9222994314592545, 0.9418825015792799, 0.9425142135186355, 0.9355653821857233, 0.930511686670878, 0.9102969046114971, 0.9273531269740998, 0.9469361970941251, 0.9254579911560329, 0.9355653821857233, 0.9185091598231206, 0.9393556538218573, 0.9368288060644346, 0.9393556538218573, 0.9393556538218573, 0.936197094125079, 0.9431459254579911, 0.9393556538218573, 0.9450410612760581, 0.9311433986102338, 0.9437776373973468, 0.930511686670878, 0.9393556538218573, 0.9450410612760581, 0.9393556538218573, 0.9418825015792799, 0.9406190777005685], "test_micro_f1": [0.8059175610542297, 0.8976196646690369, 0.8802925944328308, 0.9090957641601562, 0.9030718207359314, 0.9013696908950806, 0.9061968326568604, 0.9057446718215942, 0.9160239100456238, 0.9134707450866699, 0.9190957546234131, 0.9155718088150024, 0.9151728749275208, 0.9194946885108948, 0.9186436533927917, 0.9144946932792664, 0.9356249570846558, 0.9335238933563232, 0.9392686486244202, 0.9357978701591492, 0.9323936104774475, 0.9380717873573303, 0.9347207546234131, 0.921994686126709, 0.9413697123527527, 0.942672848701477, 0.9357978701591492, 0.9298936128616333, 0.910571813583374, 0.9274467825889587, 0.9474999904632568, 0.9260239005088806, 0.9353457689285278, 0.9184707403182983, 0.9395478367805481, 0.9365957379341125, 0.9393218159675598, 0.9386436343193054, 0.9355186223983765, 0.9423936009407043, 0.9397739171981812, 0.9451728463172913, 0.930518627166748, 0.9436967968940735, 0.9307978749275208, 0.9397739171981812, 0.9453989267349243, 0.9390957355499268, 0.9411436319351196, 0.9403457641601562],